mode,seed,scorer,alpha,topk,smooth,VAL_Accuracy,VAL_Precision,VAL_Recall,VAL_F1,VAL_FPR,VAL_TN,VAL_FP,VAL_FN,VAL_TP,VAL_ROC-AUC,VAL_PR-AUC,beta
net_only,2024,unsup,1.0,1.0,1,0.8795200525969756,0.03636363636363636,0.006339144215530904,0.010796221322537112,0.0194388410049514,5347,106,627,4,0.467640633414544,0.0966346976101249,
net_only,2024,unsup,1.0,1.0,2,0.8795200525969756,0.05263157894736842,0.009508716323296355,0.016107382550335572,0.01980561158995048,5345,108,625,6,0.4650964894358738,0.09775098039447766,
net_only,2024,unsup,1.0,1.0,3,0.8795200525969756,0.05263157894736842,0.009508716323296355,0.016107382550335572,0.01980561158995048,5345,108,625,6,0.46790830037871534,0.09928689649652589,
net_only,2024,unsup,1.0,1.0,5,0.8790269559500329,0.035398230088495575,0.006339144215530904,0.010752688172043012,0.019988996882450025,5344,109,627,4,0.47364875409892293,0.09923199094498264,
net_only,2024,unsup,1.0,1.0,8,0.878862590401052,0.026785714285714284,0.004754358161648178,0.008075370121130552,0.019988996882450025,5344,109,628,3,0.47369147618766677,0.09514695959191226,
net_only,2024,unsup,1.0,1.0,12,0.8783694937541091,0.0,0.0,0.0,0.019988996882450025,5344,109,631,0,0.47543436303254755,0.09489736196184595,
net_only,2024,unsup,1.0,1.0,20,0.8783694937541091,0.0,0.0,0.0,0.019988996882450025,5344,109,631,0,0.4775661080729344,0.09531722179433313,
net_only,2024,unsup,1.0,1.0,30,0.8783694937541091,0.0,0.0,0.0,0.019988996882450025,5344,109,631,0,0.48312492025936665,0.09631136889713227,
net_only,2024,unsup,1.0,1.0,40,0.8783694937541091,0.0,0.0,0.0,0.019988996882450025,5344,109,631,0,0.4878268203460605,0.09737385909548947,
net_only,2024,unsup,1.0,3.0,1,0.8803418803418803,0.0782608695652174,0.014263074484944533,0.024128686327077747,0.0194388410049514,5347,106,622,9,0.47378113444873826,0.09953850751999552,
net_only,2024,unsup,1.0,3.0,2,0.8798487836949376,0.06896551724137931,0.012678288431061807,0.0214190093708166,0.01980561158995048,5345,108,623,8,0.47207181495929923,0.09994060012002146,
net_only,2024,unsup,1.0,3.0,3,0.8796844181459567,0.06086956521739131,0.011093502377179081,0.01876675603217158,0.01980561158995048,5345,108,624,7,0.4755763340553463,0.10066546169807308,
net_only,2024,unsup,1.0,3.0,5,0.8791913214990138,0.043859649122807015,0.00792393026941363,0.013422818791946308,0.019988996882450025,5344,109,626,5,0.4829816414175247,0.10104129769892516,
net_only,2024,unsup,1.0,3.0,8,0.878862590401052,0.026785714285714284,0.004754358161648178,0.008075370121130552,0.019988996882450025,5344,109,628,3,0.48411653772055274,0.09775665181281226,
net_only,2024,unsup,1.0,3.0,12,0.878698224852071,0.018018018018018018,0.003169572107765452,0.005390835579514825,0.019988996882450025,5344,109,629,2,0.4869732504505437,0.09776721482831824,
net_only,2024,unsup,1.0,3.0,20,0.8783694937541091,0.0,0.0,0.0,0.019988996882450025,5344,109,631,0,0.49020981195596547,0.09827844140802999,
net_only,2024,unsup,1.0,3.0,30,0.8783694937541091,0.0,0.0,0.0,0.019988996882450025,5344,109,631,0,0.4963030861913781,0.09958564027721926,
net_only,2024,unsup,1.0,3.0,40,0.8783694937541091,0.0,0.0,0.0,0.019988996882450025,5344,109,631,0,0.5001326709762695,0.1005329805664867,
net_only,2024,unsup,1.0,5.0,1,0.881163708086785,0.11666666666666667,0.022187004754358162,0.037283621837549935,0.0194388410049514,5347,106,617,14,0.4793014386300101,0.10437146394591229,
net_only,2024,unsup,1.0,5.0,2,0.8805062458908612,0.09322033898305085,0.017432646592709985,0.029372496662216287,0.019622226297450942,5346,107,620,11,0.47817744081900854,0.10305005802631635,
net_only,2024,unsup,1.0,5.0,3,0.8798487836949376,0.06140350877192982,0.011093502377179081,0.01879194630872483,0.019622226297450942,5346,107,624,7,0.48197462075427444,0.1035273972720565,
net_only,2024,unsup,1.0,5.0,5,0.8793556870479947,0.05217391304347826,0.009508716323296355,0.0160857908847185,0.019988996882450025,5344,109,625,6,0.49064778602220444,0.10412458534411433,
net_only,2024,unsup,1.0,5.0,8,0.8790269559500329,0.035398230088495575,0.006339144215530904,0.010752688172043012,0.019988996882450025,5344,109,627,4,0.49271951669983194,0.10077645788657379,
net_only,2024,unsup,1.0,5.0,12,0.878862590401052,0.026785714285714284,0.004754358161648178,0.008075370121130552,0.019988996882450025,5344,109,628,3,0.497099402675449,0.10115624787383595,
net_only,2024,unsup,1.0,5.0,20,0.8783694937541091,0.0,0.0,0.0,0.019988996882450025,5344,109,631,0,0.5019027313946031,0.10180511500137006,
net_only,2024,unsup,1.0,5.0,30,0.8783694937541091,0.0,0.0,0.0,0.019988996882450025,5344,109,631,0,0.5084557766803077,0.10326301634021733,
net_only,2024,unsup,1.0,5.0,40,0.8783694937541091,0.0,0.0,0.0,0.019988996882450025,5344,109,631,0,0.5124866202846221,0.10439821894164794,
net_only,2024,unsup,1.0,10.0,1,0.8821499013806706,0.12931034482758622,0.02377179080824089,0.040160642570281124,0.018521914542453694,5352,101,616,15,0.4855728668817496,0.10803400727095527,
net_only,2024,unsup,1.0,10.0,2,0.8821499013806706,0.11607142857142858,0.020602218700475437,0.034993270524899055,0.01815514395745461,5354,99,618,13,0.48575901312556247,0.10874459315588533,
net_only,2024,unsup,1.0,10.0,3,0.8813280736357659,0.11764705882352941,0.022187004754358162,0.037333333333333336,0.01925545571245186,5348,105,617,14,0.4893893734762092,0.10986076134457448,
net_only,2024,unsup,1.0,10.0,5,0.8808349769888232,0.11475409836065574,0.022187004754358162,0.03718459495351926,0.01980561158995048,5345,108,617,14,0.4998110928048737,0.11119092458920497,
net_only,2024,unsup,1.0,10.0,8,0.8808349769888232,0.12096774193548387,0.02377179080824089,0.039735099337748346,0.019988996882450025,5344,109,616,15,0.5031559126644256,0.10848410030112955,
net_only,2024,unsup,1.0,10.0,12,0.8800131492439185,0.08403361344537816,0.01584786053882726,0.02666666666666667,0.019988996882450025,5344,109,621,10,0.5089145305380105,0.10923301913127438,
net_only,2024,unsup,1.0,10.0,20,0.8801775147928994,0.09166666666666666,0.017432646592709985,0.02929427430093209,0.019988996882450025,5344,109,620,11,0.5163584912185764,0.11020746237089143,
net_only,2024,unsup,1.0,10.0,30,0.881163708086785,0.1349206349206349,0.02694136291600634,0.04491413474240423,0.019988996882450025,5344,109,614,17,0.5244044845986869,0.11156352019341484,
net_only,2024,unsup,1.0,10.0,40,0.8813280736357659,0.14173228346456693,0.028526148969889066,0.047493403693931395,0.019988996882450025,5344,109,613,18,0.5270051554226682,0.11212735148783795,
net_only,2024,unsup,1.0,20.0,1,0.8823142669296515,0.102803738317757,0.017432646592709985,0.02981029810298103,0.017604988079955985,5357,96,620,11,0.4925413626835051,0.10953112045701602,
net_only,2024,unsup,1.0,20.0,2,0.8829717291255753,0.13513513513513514,0.02377179080824089,0.04043126684636118,0.017604988079955985,5357,96,616,15,0.49076316472445847,0.11290972678833686,
net_only,2024,unsup,1.0,20.0,3,0.8828073635765944,0.15254237288135594,0.028526148969889066,0.04806408544726302,0.01833852924995415,5353,100,613,18,0.49618654498330783,0.114700338649912,
net_only,2024,unsup,1.0,20.0,5,0.8818211702827088,0.13333333333333333,0.025356576862123614,0.0426098535286285,0.019072070419952316,5349,104,615,16,0.5083662637324632,0.12059872467949377,
net_only,2024,unsup,1.0,20.0,8,0.8819855358316897,0.15748031496062992,0.03169572107765452,0.052770448548812667,0.019622226297450942,5346,107,611,20,0.5138124581679548,0.11970461598668365,
net_only,2024,unsup,1.0,20.0,12,0.8821499013806706,0.16923076923076924,0.03486529318541997,0.05781865965834428,0.01980561158995048,5345,108,609,22,0.522559733181665,0.12170054438198355,
net_only,2024,unsup,1.0,20.0,20,0.8813280736357659,0.14173228346456693,0.028526148969889066,0.047493403693931395,0.019988996882450025,5344,109,613,18,0.5335045801276024,0.1240030127610971,
net_only,2024,unsup,1.0,20.0,30,0.8818211702827088,0.16153846153846155,0.03328050713153724,0.05519053876478318,0.019988996882450025,5344,109,610,21,0.5448490384478455,0.125887305539293,
net_only,2024,unsup,1.0,20.0,40,0.8816568047337278,0.15503875968992248,0.03169572107765452,0.05263157894736842,0.019988996882450025,5344,109,611,20,0.5482582320669673,0.12554333638610912,
net_only,2024,semisup,,,1,0.8882314266929652,0.0,0.0,0.0,0.008985879332477534,5404,49,631,0,0.50322348331499,0.1294430303153648,
net_only,2024,semisup,,,2,0.8913543721236029,0.0,0.0,0.0,0.0055015587749862455,5423,30,631,0,0.4889236445836094,0.12950282631178928,
net_only,2024,semisup,,,3,0.8923405654174885,0.0,0.0,0.0,0.004401247019988996,5429,24,631,0,0.478998896491354,0.13067759083772812,
net_only,2024,semisup,,,5,0.8941485864562788,0.0,0.0,0.0,0.0023840088024940395,5440,13,631,0,0.46314551404989995,0.13483224020017479,
net_only,2024,semisup,,,8,0.8954635108481263,0.0,0.0,0.0,0.0009169264624977075,5448,5,631,0,0.458299172615548,0.14381202490439385,
net_only,2024,semisup,,,12,0.8902038132807364,0.0,0.0,0.0,0.006785255822483036,5416,37,631,0,0.4477027867880051,0.16189660228573396,
net_only,2024,semisup,,,20,0.8990795529257067,0.6349206349206349,0.06339144215530904,0.11527377521613832,0.004217861727489455,5430,23,591,40,0.44070290332921325,0.19972136574149915,
net_only,2024,semisup,,,30,0.8980933596318211,0.627906976744186,0.042789223454833596,0.08011869436201781,0.002934164679992664,5437,16,604,27,0.43252351240669806,0.17719251832835714,
net_only,2024,semisup,,,40,0.8969428007889546,0.5333333333333333,0.05071315372424723,0.09261939218523878,0.005134788189987162,5425,28,599,32,0.43023221344304285,0.1695863776074699,
net_only,2024,hybrid,,,1,0.8823142669296515,0.102803738317757,0.017432646592709985,0.02981029810298103,0.017604988079955985,5357,96,620,11,0.4925413626835051,0.10953112045701602,0.0
net_only,2024,hybrid,,,2,0.8829717291255753,0.13513513513513514,0.02377179080824089,0.04043126684636118,0.017604988079955985,5357,96,616,15,0.49076316472445847,0.11290972678833686,0.0
net_only,2024,hybrid,,,3,0.8828073635765944,0.15254237288135594,0.028526148969889066,0.04806408544726302,0.01833852924995415,5353,100,613,18,0.49618654498330783,0.114700338649912,0.0
net_only,2024,hybrid,,,5,0.8818211702827088,0.13333333333333333,0.025356576862123614,0.0426098535286285,0.019072070419952316,5349,104,615,16,0.5083662637324632,0.12059872467949377,0.0
net_only,2024,hybrid,,,8,0.8819855358316897,0.15748031496062992,0.03169572107765452,0.052770448548812667,0.019622226297450942,5346,107,611,20,0.5138124581679548,0.11970461598668365,0.0
net_only,2024,hybrid,,,12,0.8821499013806706,0.16923076923076924,0.03486529318541997,0.05781865965834428,0.01980561158995048,5345,108,609,22,0.522559733181665,0.12170054438198355,0.0
net_only,2024,hybrid,,,20,0.8813280736357659,0.14173228346456693,0.028526148969889066,0.047493403693931395,0.019988996882450025,5344,109,613,18,0.5335045801276024,0.1240030127610971,0.0
net_only,2024,hybrid,,,30,0.8818211702827088,0.16153846153846155,0.03328050713153724,0.05519053876478318,0.019988996882450025,5344,109,610,21,0.5448490384478455,0.125887305539293,0.0
net_only,2024,hybrid,,,40,0.8816568047337278,0.15503875968992248,0.03169572107765452,0.05263157894736842,0.019988996882450025,5344,109,611,20,0.5482582320669673,0.12554333638610912,0.0
net_only,2024,hybrid,,,1,0.8823142669296515,0.102803738317757,0.017432646592709985,0.02981029810298103,0.017604988079955985,5357,96,620,11,0.4841549004124861,0.10319462841576593,0.25
net_only,2024,hybrid,,,2,0.8824786324786325,0.125,0.022187004754358162,0.03768506056527591,0.017971758664955068,5355,98,617,14,0.48140659134985236,0.10515000976869746,0.25
net_only,2024,hybrid,,,3,0.881163708086785,0.10344827586206896,0.01901743264659271,0.0321285140562249,0.019072070419952316,5349,104,619,12,0.48378347980422237,0.1058980444270097,0.25
net_only,2024,hybrid,,,5,0.8803418803418803,0.09243697478991597,0.017432646592709985,0.029333333333333333,0.01980561158995048,5345,108,620,11,0.4920140209826488,0.10622516630437044,0.25
net_only,2024,hybrid,,,8,0.8798487836949376,0.07627118644067797,0.014263074484944533,0.02403204272363151,0.019988996882450025,5344,109,622,9,0.49549790560045903,0.10236452051764379,0.25
net_only,2024,hybrid,,,12,0.8790269559500329,0.035398230088495575,0.006339144215530904,0.010752688172043012,0.019988996882450025,5344,109,627,4,0.5008441245357605,0.1027029403196022,0.25
net_only,2024,hybrid,,,20,0.87853385930309,0.00909090909090909,0.001584786053882726,0.002699055330634278,0.019988996882450025,5344,109,630,1,0.5078299126115315,0.10334366545897668,0.25
net_only,2024,hybrid,,,30,0.8783694937541091,0.0,0.0,0.0,0.019988996882450025,5344,109,631,0,0.5152410325027909,0.10486393611754008,0.25
net_only,2024,hybrid,,,40,0.8783694937541091,0.0,0.0,0.0,0.019988996882450025,5344,109,631,0,0.5192304618374044,0.10593659858649221,0.25
net_only,2024,hybrid,,,1,0.8800131492439185,0.0,0.0,0.0,0.01815514395745461,5354,99,631,0,0.5169526770038622,0.10488499960699761,0.5
net_only,2024,hybrid,,,2,0.8783694937541091,0.0,0.0,0.0,0.019988996882450025,5344,109,631,0,0.5166478098535736,0.10501214674800619,0.5
net_only,2024,hybrid,,,3,0.8783694937541091,0.0,0.0,0.0,0.019988996882450025,5344,109,631,0,0.5200652863266357,0.10569420828836411,0.5
net_only,2024,hybrid,,,5,0.8783694937541091,0.0,0.0,0.0,0.019988996882450025,5344,109,631,0,0.52033280797758,0.1059091442783847,0.5
net_only,2024,hybrid,,,8,0.8783694937541091,0.0,0.0,0.0,0.019988996882450025,5344,109,631,0,0.5200134095045894,0.10585951057781696,0.5
net_only,2024,hybrid,,,12,0.8783694937541091,0.0,0.0,0.0,0.019988996882450025,5344,109,631,0,0.5146494623555914,0.10434285083400018,0.5
net_only,2024,hybrid,,,20,0.8783694937541091,0.0,0.0,0.0,0.019988996882450025,5344,109,631,0,0.5101393757285642,0.10349520583567018,0.5
net_only,2024,hybrid,,,30,0.8783694937541091,0.0,0.0,0.0,0.019988996882450025,5344,109,631,0,0.5073842369442605,0.10379590204326809,0.5
net_only,2024,hybrid,,,40,0.8783694937541091,0.0,0.0,0.0,0.019988996882450025,5344,109,631,0,0.5053731018823003,0.10389002198502598,0.5
net_only,2024,hybrid,,,1,0.8809993425378041,0.0,0.0,0.0,0.01705483220245736,5360,93,631,0,0.505206136984454,0.12223349235156544,0.75
net_only,2024,hybrid,,,2,0.8813280736357659,0.0,0.0,0.0,0.016688061617458276,5362,91,631,0,0.49592033115140677,0.13110630329994222,0.75
net_only,2024,hybrid,,,3,0.8813280736357659,0.0,0.0,0.0,0.016688061617458276,5362,91,631,0,0.48531464527733464,0.12953981761932684,0.75
net_only,2024,hybrid,,,5,0.8801775147928994,0.0,0.0,0.0,0.017971758664955068,5355,98,631,0,0.469521567825094,0.1257090677450187,0.75
net_only,2024,hybrid,,,8,0.878698224852071,0.0,0.0,0.0,0.019622226297450942,5346,107,631,0,0.4629404770865744,0.1226978394195104,0.75
net_only,2024,hybrid,,,12,0.87853385930309,0.0,0.0,0.0,0.01980561158995048,5345,108,631,0,0.45445956121799214,0.12105638152556632,0.75
net_only,2024,hybrid,,,20,0.8783694937541091,0.0,0.0,0.0,0.019988996882450025,5344,109,631,0,0.4521798873124987,0.11980661341913838,0.75
net_only,2024,hybrid,,,30,0.8783694937541091,0.0,0.0,0.0,0.019988996882450025,5344,109,631,0,0.44917975042743885,0.11697723502737822,0.75
net_only,2024,hybrid,,,40,0.8783694937541091,0.0,0.0,0.0,0.019988996882450025,5344,109,631,0,0.4495904056069981,0.11624179363331018,0.75
net_only,2024,hybrid,,,1,0.8834648257725181,0.0,0.0,0.0,0.014304052814964238,5375,78,631,0,0.5040569999851781,0.12761313796760454,0.9
net_only,2024,hybrid,,,2,0.8852728468113084,0.0,0.0,0.0,0.01228681459746928,5386,67,631,0,0.49183761072504617,0.12709192529246116,0.9
net_only,2024,hybrid,,,3,0.8869165023011177,0.0,0.0,0.0,0.010452961672473867,5396,57,631,0,0.4812910673343712,0.12805390804328598,0.9
net_only,2024,hybrid,,,5,0.8883957922419461,0.0,0.0,0.0,0.008802494039977992,5405,48,631,0,0.4649860513833383,0.13024977144445318,0.9
net_only,2024,hybrid,,,8,0.8898750821827744,0.0,0.0,0.0,0.007152026407482119,5414,39,631,0,0.45939774061182104,0.13516950132856564,0.9
net_only,2024,hybrid,,,12,0.8916831032215647,0.08823529411764706,0.004754358161648178,0.009022556390977444,0.005684944067485787,5422,31,628,3,0.4493554341189063,0.14511268247504355,0.9
net_only,2024,hybrid,,,20,0.8976002629848784,0.6,0.03803486529318542,0.07153502235469449,0.002934164679992664,5437,16,607,24,0.4439375757626838,0.16496696932265426,0.9
net_only,2024,hybrid,,,30,0.8972715318869166,0.5789473684210527,0.03486529318541997,0.06576980568011959,0.002934164679992664,5437,16,609,22,0.4384460436003619,0.16770960135112756,0.9
net_only,2024,hybrid,,,40,0.8951347797501643,0.43636363636363634,0.03803486529318542,0.06997084548104957,0.005684944067485787,5422,31,607,24,0.43811124192530726,0.16190360765968426,0.9
net_only,2024,hybrid,,,1,0.8882314266929652,0.0,0.0,0.0,0.008985879332477534,5404,49,631,0,0.50322348331499,0.1294430303153648,1.0
net_only,2024,hybrid,,,2,0.8913543721236029,0.0,0.0,0.0,0.0055015587749862455,5423,30,631,0,0.4889236445836094,0.12950282631178928,1.0
net_only,2024,hybrid,,,3,0.8923405654174885,0.0,0.0,0.0,0.004401247019988996,5429,24,631,0,0.478998896491354,0.13067759083772812,1.0
net_only,2024,hybrid,,,5,0.8941485864562788,0.0,0.0,0.0,0.0023840088024940395,5440,13,631,0,0.46314551404989995,0.13483224020017479,1.0
net_only,2024,hybrid,,,8,0.8954635108481263,0.0,0.0,0.0,0.0009169264624977075,5448,5,631,0,0.458299172615548,0.14381202490439385,1.0
net_only,2024,hybrid,,,12,0.8902038132807364,0.0,0.0,0.0,0.006785255822483036,5416,37,631,0,0.4477027867880051,0.16189660228573396,1.0
net_only,2024,hybrid,,,20,0.8990795529257067,0.6349206349206349,0.06339144215530904,0.11527377521613832,0.004217861727489455,5430,23,591,40,0.44070290332921325,0.19972136574149915,1.0
net_only,2024,hybrid,,,30,0.8980933596318211,0.627906976744186,0.042789223454833596,0.08011869436201781,0.002934164679992664,5437,16,604,27,0.43252351240669806,0.17719251832835714,1.0
net_only,2024,hybrid,,,40,0.8969428007889546,0.5333333333333333,0.05071315372424723,0.09261939218523878,0.005134788189987162,5425,28,599,32,0.43023221344304285,0.1695863776074699,1.0
net_only,31337,unsup,1.0,1.0,1,0.8865353037766831,0.05555555555555555,0.006379585326953748,0.011444921316165951,0.012447373238147536,5395,68,623,4,0.3728622681627104,0.08154652808787086,
net_only,31337,unsup,1.0,1.0,2,0.8860426929392446,0.0759493670886076,0.009569377990430622,0.0169971671388102,0.013362621270364267,5390,73,621,6,0.37209985341434226,0.08222657026788853,
net_only,31337,unsup,1.0,1.0,3,0.8863711001642036,0.06666666666666667,0.007974481658692184,0.014245014245014245,0.012813472451034228,5393,70,622,5,0.371964974756963,0.08293012933613172,
net_only,31337,unsup,1.0,1.0,5,0.8848932676518884,0.04878048780487805,0.006379585326953748,0.011283497884344146,0.014277869302580997,5385,78,623,4,0.3737465700094678,0.08305172440922959,
net_only,31337,unsup,1.0,1.0,8,0.8837438423645321,0.034482758620689655,0.004784688995215311,0.008403361344537815,0.015376166941241073,5379,84,624,3,0.37399881061547585,0.07994795387106265,
net_only,31337,unsup,1.0,1.0,12,0.8830870279146141,0.0,0.0,0.0,0.01555921654768442,5378,85,627,0,0.3719220588205241,0.07951507234889132,
net_only,31337,unsup,1.0,1.0,20,0.8835796387520526,0.0,0.0,0.0,0.015010067728354382,5381,82,627,0,0.37279745634033334,0.08009768132262879,
net_only,31337,unsup,1.0,1.0,30,0.8839080459770114,0.0,0.0,0.0,0.01464396851546769,5383,80,627,0,0.37193840774869125,0.08034520543183664,
net_only,31337,unsup,1.0,1.0,40,0.8830870279146141,0.0,0.0,0.0,0.01555921654768442,5378,85,627,0,0.3712682476664095,0.08057985348805373,
net_only,31337,unsup,1.0,3.0,1,0.8840722495894909,0.10891089108910891,0.017543859649122806,0.03021978021978022,0.01647446457990115,5373,90,616,11,0.3762278118039845,0.08496041892612576,
net_only,31337,unsup,1.0,3.0,2,0.8835796387520526,0.09803921568627451,0.01594896331738437,0.027434842249657063,0.01684056379278784,5371,92,617,10,0.37669725959849953,0.08449005015859615,
net_only,31337,unsup,1.0,3.0,3,0.8835796387520526,0.08163265306122448,0.012759170653907496,0.022068965517241378,0.01647446457990115,5373,90,619,8,0.37770213479049,0.08522802487332123,
net_only,31337,unsup,1.0,3.0,5,0.8827586206896552,0.06060606060606061,0.009569377990430622,0.01652892561983471,0.01702361339923119,5370,93,621,6,0.3799413540591031,0.08437708777231964,
net_only,31337,unsup,1.0,3.0,8,0.8822660098522167,0.04081632653061224,0.006379585326953748,0.011034482758620689,0.017206663005674534,5369,94,623,4,0.37993814266249887,0.08153582654874972,
net_only,31337,unsup,1.0,3.0,12,0.8812807881773399,0.029411764705882353,0.004784688995215311,0.00823045267489712,0.018121911037891264,5364,99,624,3,0.3781012238048569,0.08105020374400117,
net_only,31337,unsup,1.0,3.0,20,0.8804597701149425,0.0,0.0,0.0,0.018488010250777957,5362,101,627,0,0.3768594351270151,0.08100900847955472,
net_only,31337,unsup,1.0,3.0,30,0.8807881773399014,0.0,0.0,0.0,0.018121911037891264,5364,99,627,0,0.37436155245918534,0.08084079754953716,
net_only,31337,unsup,1.0,3.0,40,0.880623973727422,0.0,0.0,0.0,0.018304960644334612,5363,100,627,0,0.37280198149009386,0.08095886093601892,
net_only,31337,unsup,1.0,5.0,1,0.8839080459770114,0.14285714285714285,0.025518341307814992,0.04330175913396482,0.017572762218561227,5367,96,611,16,0.37934345040041734,0.08759510587980816,
net_only,31337,unsup,1.0,5.0,2,0.8832512315270936,0.10377358490566038,0.017543859649122806,0.030013642564802184,0.017389712612117882,5368,95,616,11,0.37797568739214454,0.08722313054199476,
net_only,31337,unsup,1.0,5.0,3,0.8825944170771757,0.08490566037735849,0.014354066985645933,0.02455661664392906,0.017755811825004575,5366,97,618,9,0.37930578947660365,0.08634069843119425,
net_only,31337,unsup,1.0,5.0,5,0.8816091954022989,0.06481481481481481,0.011164274322169059,0.01904761904761905,0.018488010250777957,5362,101,620,7,0.3829572933882307,0.08654156761674525,
net_only,31337,unsup,1.0,5.0,8,0.8807881773399014,0.061946902654867256,0.011164274322169059,0.01891891891891892,0.01940325828299469,5357,106,620,7,0.3839119540151362,0.08365597054940675,
net_only,31337,unsup,1.0,5.0,12,0.8802955665024631,0.044642857142857144,0.007974481658692184,0.013531799729364006,0.019586307889438034,5356,107,622,5,0.38319362298379034,0.08318859516460538,
net_only,31337,unsup,1.0,5.0,20,0.8798029556650246,0.01834862385321101,0.003189792663476874,0.005434782608695652,0.019586307889438034,5356,107,625,2,0.38262403800425127,0.08305325718649972,
net_only,31337,unsup,1.0,5.0,30,0.8794745484400657,0.0,0.0,0.0,0.019586307889438034,5356,107,627,0,0.3807183660647634,0.08261531025897331,
net_only,31337,unsup,1.0,5.0,40,0.8796387520525452,0.0,0.0,0.0,0.01940325828299469,5357,106,627,0,0.3795002249437348,0.08263821371709539,
net_only,31337,unsup,1.0,10.0,1,0.8839080459770114,0.14285714285714285,0.025518341307814992,0.04330175913396482,0.017572762218561227,5367,96,611,16,0.3844721967500082,0.08853267726351995,
net_only,31337,unsup,1.0,10.0,2,0.8829228243021346,0.10185185185185185,0.017543859649122806,0.029931972789115645,0.017755811825004575,5366,97,616,11,0.38374218791282866,0.08903015622570554,
net_only,31337,unsup,1.0,10.0,3,0.8821018062397373,0.09734513274336283,0.017543859649122806,0.02972972972972973,0.018671059857221305,5361,102,616,11,0.3851747627434786,0.08876649367168124,
net_only,31337,unsup,1.0,10.0,5,0.8811165845648604,0.07079646017699115,0.012759170653907496,0.021621621621621623,0.019220208676551342,5358,105,619,8,0.3893806704870609,0.08975545930859721,
net_only,31337,unsup,1.0,10.0,8,0.8807881773399014,0.06956521739130435,0.012759170653907496,0.0215633423180593,0.019586307889438034,5356,107,619,8,0.39186833507478613,0.08753884312250114,
net_only,31337,unsup,1.0,10.0,12,0.8802955665024631,0.044642857142857144,0.007974481658692184,0.013531799729364006,0.019586307889438034,5356,107,622,5,0.3920499249555003,0.08733921369578318,
net_only,31337,unsup,1.0,10.0,20,0.8799671592775041,0.02727272727272727,0.004784688995215311,0.008141112618724558,0.019586307889438034,5356,107,624,3,0.39336411602951094,0.08734940602852323,
net_only,31337,unsup,1.0,10.0,30,0.8798029556650246,0.01834862385321101,0.003189792663476874,0.005434782608695652,0.019586307889438034,5356,107,625,2,0.3921411578135761,0.08681620470371348,
net_only,31337,unsup,1.0,10.0,40,0.8796387520525452,0.009259259259259259,0.001594896331738437,0.0027210884353741495,0.019586307889438034,5356,107,626,1,0.3905972059097872,0.08643012553035999,
net_only,31337,unsup,1.0,20.0,1,0.8837438423645321,0.13513513513513514,0.023923444976076555,0.04065040650406504,0.017572762218561227,5367,96,612,15,0.38144618531334906,0.08837542699608751,
net_only,31337,unsup,1.0,20.0,2,0.8824302134646962,0.0990990990990991,0.017543859649122806,0.02981029810298103,0.018304960644334612,5363,100,616,11,0.3814553815854432,0.08963076015554516,
net_only,31337,unsup,1.0,20.0,3,0.8821018062397373,0.10434782608695652,0.019138755980861243,0.03234501347708895,0.01885410946366465,5360,103,615,12,0.38504630687930774,0.08973543779412786,
net_only,31337,unsup,1.0,20.0,5,0.8807881773399014,0.06956521739130435,0.012759170653907496,0.0215633423180593,0.019586307889438034,5356,107,619,8,0.3916724398819257,0.09064699119923253,
net_only,31337,unsup,1.0,20.0,8,0.880623973727422,0.06140350877192982,0.011164274322169059,0.018893387314439947,0.019586307889438034,5356,107,620,7,0.3961054809489736,0.0893264788724234,
net_only,31337,unsup,1.0,20.0,12,0.8802955665024631,0.044642857142857144,0.007974481658692184,0.013531799729364006,0.019586307889438034,5356,107,622,5,0.39889662251580227,0.08977902017292662,
net_only,31337,unsup,1.0,20.0,20,0.8801313628899836,0.036036036036036036,0.006379585326953748,0.01084010840108401,0.019586307889438034,5356,107,623,4,0.4027663554239467,0.0903351047096726,
net_only,31337,unsup,1.0,20.0,30,0.8799671592775041,0.02727272727272727,0.004784688995215311,0.008141112618724558,0.019586307889438034,5356,107,624,3,0.4015544911235538,0.0895943581493924,
net_only,31337,unsup,1.0,20.0,40,0.8798029556650246,0.01834862385321101,0.003189792663476874,0.005434782608695652,0.019586307889438034,5356,107,625,2,0.4005942835388773,0.08928267929228129,
net_only,31337,semisup,,,1,0.8899835796387521,0.0,0.0,0.0,0.007871133077063884,5420,43,627,0,0.5684058130949659,0.12683165493404555,
net_only,31337,semisup,,,2,0.8891625615763546,0.0,0.0,0.0,0.008786381109280613,5415,48,627,0,0.5761578325525261,0.13294752250357234,
net_only,31337,semisup,,,3,0.8873563218390804,0.0,0.0,0.0,0.010799926780157421,5404,59,627,0,0.5811274687976327,0.13555002300590835,
net_only,31337,semisup,,,5,0.8870279146141216,0.0,0.0,0.0,0.011166025993044114,5402,61,627,0,0.5849265509804832,0.13645231991540197,
net_only,31337,semisup,,,8,0.8858784893267652,0.0,0.0,0.0,0.012447373238147536,5395,68,627,0,0.5846404447375574,0.1355733935572156,
net_only,31337,semisup,,,12,0.8852216748768473,0.0,0.0,0.0,0.013179571663920921,5391,72,627,0,0.5847272984184455,0.13448799670271366,
net_only,31337,semisup,,,20,0.8845648604269294,0.0,0.0,0.0,0.013911770089694304,5387,76,627,0,0.5872034311729101,0.13572490272103294,
net_only,31337,semisup,,,30,0.8847290640394089,0.0,0.0,0.0,0.013728720483250958,5388,75,627,0,0.5902584911515805,0.13824062614190702,
net_only,31337,semisup,,,40,0.8850574712643678,0.0,0.0,0.0,0.013362621270364267,5390,73,627,0,0.5911740311289431,0.1386003068992574,
net_only,31337,hybrid,,,1,0.8837438423645321,0.13513513513513514,0.023923444976076555,0.04065040650406504,0.017572762218561227,5367,96,612,15,0.38144618531334906,0.08837542699608751,0.0
net_only,31337,hybrid,,,2,0.8824302134646962,0.0990990990990991,0.017543859649122806,0.02981029810298103,0.018304960644334612,5363,100,616,11,0.3814553815854432,0.08963076015554516,0.0
net_only,31337,hybrid,,,3,0.8821018062397373,0.10434782608695652,0.019138755980861243,0.03234501347708895,0.01885410946366465,5360,103,615,12,0.38504630687930774,0.08973543779412786,0.0
net_only,31337,hybrid,,,5,0.8807881773399014,0.06956521739130435,0.012759170653907496,0.0215633423180593,0.019586307889438034,5356,107,619,8,0.3916724398819257,0.09064699119923253,0.0
net_only,31337,hybrid,,,8,0.880623973727422,0.06140350877192982,0.011164274322169059,0.018893387314439947,0.019586307889438034,5356,107,620,7,0.3961054809489736,0.0893264788724234,0.0
net_only,31337,hybrid,,,12,0.8802955665024631,0.044642857142857144,0.007974481658692184,0.013531799729364006,0.019586307889438034,5356,107,622,5,0.39889662251580227,0.08977902017292662,0.0
net_only,31337,hybrid,,,20,0.8801313628899836,0.036036036036036036,0.006379585326953748,0.01084010840108401,0.019586307889438034,5356,107,623,4,0.4027663554239467,0.0903351047096726,0.0
net_only,31337,hybrid,,,30,0.8799671592775041,0.02727272727272727,0.004784688995215311,0.008141112618724558,0.019586307889438034,5356,107,624,3,0.4015544911235538,0.0895943581493924,0.0
net_only,31337,hybrid,,,40,0.8798029556650246,0.01834862385321101,0.003189792663476874,0.005434782608695652,0.019586307889438034,5356,107,625,2,0.4005942835388773,0.08928267929228129,0.0
net_only,31337,hybrid,,,1,0.8891625615763546,0.02,0.001594896331738437,0.0029542097488921715,0.00896943071572396,5414,49,626,1,0.4343151156642876,0.08570516557952468,0.25
net_only,31337,hybrid,,,2,0.8880131362889984,0.0,0.0,0.0,0.010067728354384036,5408,55,627,0,0.4281341990090798,0.08464380136814839,0.25
net_only,31337,hybrid,,,3,0.8870279146141216,0.0,0.0,0.0,0.011166025993044114,5402,61,627,0,0.4261432790870058,0.08411790273348496,0.25
net_only,31337,hybrid,,,5,0.8866995073891626,0.0,0.0,0.0,0.011532125205930806,5400,63,627,0,0.42727719403345865,0.0841332597105171,0.25
net_only,31337,hybrid,,,8,0.8850574712643678,0.0,0.0,0.0,0.013362621270364267,5390,73,627,0,0.4255188084200483,0.08366138551138386,0.25
net_only,31337,hybrid,,,12,0.8845648604269294,0.0,0.0,0.0,0.013911770089694304,5387,76,627,0,0.4237423222075958,0.08337948288853692,0.25
net_only,31337,hybrid,,,20,0.8845648604269294,0.0,0.0,0.0,0.013911770089694304,5387,76,627,0,0.42562682812401015,0.08403500038288045,0.25
net_only,31337,hybrid,,,30,0.8844006568144499,0.0,0.0,0.0,0.01409481969613765,5386,77,627,0,0.42639216232383664,0.08439333231841828,0.25
net_only,31337,hybrid,,,40,0.8848932676518884,0.0,0.0,0.0,0.013545670876807612,5389,74,627,0,0.42553749290938236,0.08448000031215674,0.25
net_only,31337,hybrid,,,1,0.8893267651888341,0.0,0.0,0.0,0.008603331502837267,5416,47,627,0,0.5367096205559745,0.10696089001970419,0.5
net_only,31337,hybrid,,,2,0.8886699507389163,0.0,0.0,0.0,0.009335529928610652,5412,51,627,0,0.5494060230035258,0.11082023986551359,0.5
net_only,31337,hybrid,,,3,0.8868637110016421,0.0,0.0,0.0,0.01134907559948746,5401,62,627,0,0.5564544546596052,0.1128832246427832,0.5
net_only,31337,hybrid,,,5,0.8870279146141216,0.0,0.0,0.0,0.011166025993044114,5402,61,627,0,0.5664929884994049,0.1164001745819534,0.5
net_only,31337,hybrid,,,8,0.8857142857142857,0.0,0.0,0.0,0.012630422844590882,5394,69,627,0,0.5688478180457718,0.11759152229814851,0.5
net_only,31337,hybrid,,,12,0.8847290640394089,0.0,0.0,0.0,0.013728720483250958,5388,75,627,0,0.5684453716622276,0.11741161566551889,0.5
net_only,31337,hybrid,,,20,0.8845648604269294,0.0,0.0,0.0,0.013911770089694304,5387,76,627,0,0.575382134300022,0.12156804754486339,0.5
net_only,31337,hybrid,,,30,0.8844006568144499,0.0,0.0,0.0,0.01409481969613765,5386,77,627,0,0.5793378450536172,0.12487845873123946,0.5
net_only,31337,hybrid,,,40,0.8850574712643678,0.0,0.0,0.0,0.013362621270364267,5390,73,627,0,0.5804742415338098,0.12670104308210198,0.5
net_only,31337,hybrid,,,1,0.8898193760262726,0.0,0.0,0.0,0.008054182683507228,5419,44,627,0,0.5625152358872987,0.12110624124793129,0.75
net_only,31337,hybrid,,,2,0.8889983579638752,0.0,0.0,0.0,0.00896943071572396,5414,49,627,0,0.5704409627066351,0.12373425188644324,0.75
net_only,31337,hybrid,,,3,0.8870279146141216,0.0,0.0,0.0,0.011166025993044114,5402,61,627,0,0.5764210211015032,0.12687294536442673,0.75
net_only,31337,hybrid,,,5,0.8870279146141216,0.0,0.0,0.0,0.011166025993044114,5402,61,627,0,0.5828814752338554,0.13048534799041467,0.75
net_only,31337,hybrid,,,8,0.8858784893267652,0.0,0.0,0.0,0.012447373238147536,5395,68,627,0,0.582299628558191,0.13000405648336913,0.75
net_only,31337,hybrid,,,12,0.8852216748768473,0.0,0.0,0.0,0.013179571663920921,5391,72,627,0,0.5827560847937159,0.12992284051731418,0.75
net_only,31337,hybrid,,,20,0.8844006568144499,0.0,0.0,0.0,0.01409481969613765,5386,77,627,0,0.5859393086914113,0.1322446783720128,0.75
net_only,31337,hybrid,,,30,0.8845648604269294,0.0,0.0,0.0,0.013911770089694304,5387,76,627,0,0.5884314984288973,0.13449366188151343,0.75
net_only,31337,hybrid,,,40,0.8850574712643678,0.0,0.0,0.0,0.013362621270364267,5390,73,627,0,0.5891625290740872,0.13585191100482352,0.75
net_only,31337,hybrid,,,1,0.8899835796387521,0.0,0.0,0.0,0.007871133077063884,5420,43,627,0,0.5664664214911331,0.12475288125139516,0.9
net_only,31337,hybrid,,,2,0.8891625615763546,0.0,0.0,0.0,0.008786381109280613,5415,48,627,0,0.5744682000209617,0.12885423659702677,0.9
net_only,31337,hybrid,,,3,0.8871921182266009,0.0,0.0,0.0,0.010982976386600767,5403,60,627,0,0.5799967652477841,0.13243697966358234,0.9
net_only,31337,hybrid,,,5,0.8870279146141216,0.0,0.0,0.0,0.011166025993044114,5402,61,627,0,0.584811816538167,0.13539564781966992,0.9
net_only,31337,hybrid,,,8,0.8857142857142857,0.0,0.0,0.0,0.012630422844590882,5394,69,627,0,0.5843149258999428,0.13515599766823277,0.9
net_only,31337,hybrid,,,12,0.8852216748768473,0.0,0.0,0.0,0.013179571663920921,5391,72,627,0,0.5844849839473961,0.13441041398177125,0.9
net_only,31337,hybrid,,,20,0.8845648604269294,0.0,0.0,0.0,0.013911770089694304,5387,76,627,0,0.5871142419308552,0.13516863829315034,0.9
net_only,31337,hybrid,,,30,0.8847290640394089,0.0,0.0,0.0,0.013728720483250958,5388,75,627,0,0.5898973550061732,0.13724923673948028,0.9
net_only,31337,hybrid,,,40,0.8850574712643678,0.0,0.0,0.0,0.013362621270364267,5390,73,627,0,0.5906597697545413,0.13829570789572948,0.9
net_only,31337,hybrid,,,1,0.8899835796387521,0.0,0.0,0.0,0.007871133077063884,5420,43,627,0,0.5684058130949659,0.12683165493404555,1.0
net_only,31337,hybrid,,,2,0.8891625615763546,0.0,0.0,0.0,0.008786381109280613,5415,48,627,0,0.5761578325525261,0.13294752250357234,1.0
net_only,31337,hybrid,,,3,0.8873563218390804,0.0,0.0,0.0,0.010799926780157421,5404,59,627,0,0.5811274687976327,0.13555002300590835,1.0
net_only,31337,hybrid,,,5,0.8870279146141216,0.0,0.0,0.0,0.011166025993044114,5402,61,627,0,0.5849265509804832,0.13645231991540197,1.0
net_only,31337,hybrid,,,8,0.8858784893267652,0.0,0.0,0.0,0.012447373238147536,5395,68,627,0,0.5846404447375574,0.1355733935572156,1.0
net_only,31337,hybrid,,,12,0.8852216748768473,0.0,0.0,0.0,0.013179571663920921,5391,72,627,0,0.5847272984184455,0.13448799670271366,1.0
net_only,31337,hybrid,,,20,0.8845648604269294,0.0,0.0,0.0,0.013911770089694304,5387,76,627,0,0.5872034311729101,0.13572490272103294,1.0
net_only,31337,hybrid,,,30,0.8847290640394089,0.0,0.0,0.0,0.013728720483250958,5388,75,627,0,0.5902584911515805,0.13824062614190702,1.0
net_only,31337,hybrid,,,40,0.8850574712643678,0.0,0.0,0.0,0.013362621270364267,5390,73,627,0,0.5911740311289431,0.1386003068992574,1.0
sen_only,42,unsup,0.0,1.0,1,0.9236315479693937,0.7100371747211895,0.3022151898734177,0.4239733629300777,0.012654120700843607,6086,78,441,191,0.849060798100855,0.5435736027204909,
sen_only,42,unsup,0.0,1.0,2,0.9358446144791054,0.7648648648648648,0.4477848101265823,0.564870259481038,0.014114211550940945,6077,87,349,283,0.8484408755616524,0.597939888854664,
sen_only,42,unsup,0.0,1.0,3,0.9342260153031194,0.741514360313316,0.44936708860759494,0.5596059113300492,0.01606099935107073,6065,99,348,284,0.8491442245295262,0.6162503237064472,
sen_only,42,unsup,0.0,1.0,5,0.933195997645674,0.7367021276595744,0.43829113924050633,0.5496031746031746,0.01606099935107073,6065,99,355,277,0.8492166129999424,0.6200319278779955,
sen_only,42,unsup,0.0,1.0,8,0.9351088875809299,0.7301204819277108,0.47943037974683544,0.5787965616045845,0.018170019467878,6052,112,329,303,0.8458320669629289,0.6098949320282168,
sen_only,42,unsup,0.0,1.0,12,0.9326074161271336,0.7142857142857143,0.4588607594936709,0.558766859344894,0.018818948734587927,6048,116,342,290,0.8403539026113241,0.5857060557538203,
sen_only,42,unsup,0.0,1.0,20,0.922307239552678,0.6538461538461539,0.34968354430379744,0.4556701030927835,0.01898118105126541,6047,117,411,221,0.8328275552616664,0.5238225781384336,
sen_only,42,unsup,0.0,1.0,30,0.913037080635668,0.5745454545454546,0.25,0.3484013230429989,0.01898118105126541,6047,117,474,158,0.8249248905445256,0.4449788156132499,
sen_only,42,unsup,0.0,1.0,40,0.9049440847557386,0.4681818181818182,0.1629746835443038,0.24178403755868544,0.01898118105126541,6047,117,529,103,0.8242733943107796,0.4018392795222717,
sen_only,42,unsup,0.0,3.0,1,0.9261330194231902,0.7152317880794702,0.34177215189873417,0.4625267665952891,0.013951979234263463,6078,86,416,216,0.8437750279286014,0.576369775512978,
sen_only,42,unsup,0.0,3.0,2,0.9256915832842849,0.6930091185410334,0.36075949367088606,0.4745057232049948,0.016385463984425697,6063,101,404,228,0.8449423561882387,0.6003051731200986,
sen_only,42,unsup,0.0,3.0,3,0.9336374337845792,0.7279596977329975,0.4572784810126582,0.5617103984450923,0.01752109020116807,6056,108,343,289,0.8460630939961721,0.6096684022601592,
sen_only,42,unsup,0.0,3.0,5,0.9323131253678635,0.7193877551020408,0.4462025316455696,0.55078125,0.017845554834523034,6054,110,350,282,0.8446825791241919,0.6070088018214672,
sen_only,42,unsup,0.0,3.0,8,0.9345203060623897,0.7231503579952268,0.47943037974683544,0.576593720266413,0.018818948734587927,6048,116,329,303,0.8404180767872251,0.5947102226741372,
sen_only,42,unsup,0.0,3.0,12,0.9320188346085932,0.7103960396039604,0.4541139240506329,0.5540540540540541,0.01898118105126541,6047,117,345,287,0.8336903128824782,0.5680454963731616,
sen_only,42,unsup,0.0,3.0,20,0.9224543849323131,0.6548672566371682,0.3512658227848101,0.4572605561277034,0.01898118105126541,6047,117,410,222,0.8215434248679552,0.5015825303030281,
sen_only,42,unsup,0.0,3.0,30,0.9061212477928193,0.4868421052631579,0.17563291139240506,0.25813953488372093,0.01898118105126541,6047,117,521,111,0.8086002636788538,0.4210573934275206,
sen_only,42,unsup,0.0,3.0,40,0.9024426133019423,0.4236453201970443,0.1360759493670886,0.2059880239520958,0.01898118105126541,6047,117,546,86,0.8055296577103475,0.3791217471795929,
sen_only,42,unsup,0.0,5.0,1,0.9251030017657446,0.6990291262135923,0.34177215189873417,0.45908607863974493,0.015087605451005837,6071,93,416,216,0.8433208031115748,0.588106384968591,
sen_only,42,unsup,0.0,5.0,2,0.9317245438493231,0.7176165803108808,0.43829113924050633,0.5442043222003929,0.017683322517845552,6055,109,355,277,0.8448774119222271,0.6059716909296737,
sen_only,42,unsup,0.0,5.0,3,0.9334902884049441,0.7261306532663316,0.4572784810126582,0.5611650485436893,0.017683322517845552,6055,109,343,289,0.8457414530265568,0.6128608926437422,
sen_only,42,unsup,0.0,5.0,5,0.9362860506180106,0.7363420427553444,0.49050632911392406,0.5887939221272555,0.018007787151200518,6053,111,322,310,0.8441776567082035,0.6092913370266042,
sen_only,42,unsup,0.0,5.0,8,0.9346674514420247,0.7238095238095238,0.4810126582278481,0.5779467680608364,0.018818948734587927,6048,116,328,304,0.8393142809617296,0.5954050146486509,
sen_only,42,unsup,0.0,5.0,12,0.9326074161271336,0.7132352941176471,0.46044303797468356,0.5596153846153846,0.01898118105126541,6047,117,341,291,0.8322258581884194,0.5675409238861108,
sen_only,42,unsup,0.0,5.0,20,0.925985874043555,0.6776859504132231,0.38924050632911394,0.49447236180904525,0.01898118105126541,6047,117,386,246,0.8190701521287345,0.49754928136026,
sen_only,42,unsup,0.0,5.0,30,0.9062683931724543,0.4890829694323144,0.17721518987341772,0.2601626016260163,0.01898118105126541,6047,117,520,112,0.8047338979291764,0.41574860155450255,
sen_only,42,unsup,0.0,5.0,40,0.9040612124779281,0.4532710280373832,0.15348101265822786,0.2293144208037825,0.01898118105126541,6047,117,535,97,0.8011411708655403,0.37380446455673516,
sen_only,42,unsup,0.0,10.0,1,0.9243672748675692,0.6878980891719745,0.34177215189873417,0.45665961945031713,0.01589876703439325,6066,98,416,216,0.84602304931041,0.6092508384086173,
sen_only,42,unsup,0.0,10.0,2,0.9336374337845792,0.7256857855361596,0.46044303797468356,0.5634075508228461,0.017845554834523034,6054,110,341,291,0.8480250269018146,0.6233910737456082,
sen_only,42,unsup,0.0,10.0,3,0.9345203060623897,0.7297297297297297,0.4699367088607595,0.5717035611164581,0.017845554834523034,6054,110,335,297,0.8482722258273847,0.6271246122272961,
sen_only,42,unsup,0.0,10.0,5,0.9364331959976456,0.7369668246445498,0.4920886075949367,0.5901328273244781,0.018007787151200518,6053,111,321,311,0.8461937526183064,0.6219460792200163,
sen_only,42,unsup,0.0,10.0,8,0.9356974690994703,0.7304964539007093,0.4889240506329114,0.5857819905213271,0.01849448410123296,6050,114,323,309,0.8406034118072269,0.6040600040224076,
sen_only,42,unsup,0.0,10.0,12,0.933343143025309,0.7167070217917676,0.46835443037974683,0.5665071770334928,0.01898118105126541,6047,117,336,296,0.833222868185216,0.574650165450564,
sen_only,42,unsup,0.0,10.0,20,0.9256915832842849,0.6759002770083102,0.3860759493670886,0.4914400805639476,0.01898118105126541,6047,117,388,244,0.8197819720878272,0.5007407829992906,
sen_only,42,unsup,0.0,10.0,30,0.9065626839317246,0.4935064935064935,0.18037974683544303,0.2641946697566628,0.01898118105126541,6047,117,518,114,0.8055697023961097,0.4170622248053708,
sen_only,42,unsup,0.0,10.0,40,0.9050912301353737,0.47058823529411764,0.16455696202531644,0.24384525205158264,0.01898118105126541,6047,117,528,104,0.8009750880983088,0.3750013642120542,
sen_only,42,unsup,0.0,20.0,1,0.9343731606827546,0.7348484848484849,0.46044303797468356,0.566147859922179,0.017034393251135625,6059,105,341,291,0.85143036537182,0.6285446815973578,
sen_only,42,unsup,0.0,20.0,2,0.9373160682754561,0.7417840375586855,0.5,0.5973534971644613,0.017845554834523034,6054,110,316,316,0.8534841956973526,0.6401528630607516,
sen_only,42,unsup,0.0,20.0,3,0.9376103590347263,0.744131455399061,0.5015822784810127,0.5992438563327032,0.017683322517845552,6055,109,315,317,0.8533145191762705,0.6416663945425981,
sen_only,42,unsup,0.0,20.0,5,0.9365803413772807,0.7353629976580797,0.49683544303797467,0.5930122757318225,0.01833225178455548,6051,113,318,314,0.8513071509540903,0.6356682081603241,
sen_only,42,unsup,0.0,20.0,8,0.9362860506180106,0.7330210772833724,0.495253164556962,0.591123701605288,0.01849448410123296,6050,114,319,313,0.8460985181412695,0.6161252926982845,
sen_only,42,unsup,0.0,20.0,12,0.9336374337845792,0.7180722891566265,0.47151898734177217,0.5692454632282713,0.01898118105126541,6047,117,334,298,0.8393707542365225,0.5865351786121612,
sen_only,42,unsup,0.0,20.0,20,0.9256915832842849,0.6759002770083102,0.3860759493670886,0.4914400805639476,0.01898118105126541,6047,117,388,244,0.8276830966247465,0.5104887408994194,
sen_only,42,unsup,0.0,20.0,30,0.9072984108298999,0.5042372881355932,0.18829113924050633,0.27419354838709675,0.01898118105126541,6047,117,513,119,0.815383730768283,0.424997678845827,
sen_only,42,unsup,0.0,20.0,40,0.9061212477928193,0.4868421052631579,0.17563291139240506,0.25813953488372093,0.01898118105126541,6047,117,521,111,0.8106941386901486,0.38354304935911615,
sen_only,42,semisup,,,1,0.9230429664508535,0.6676923076923077,0.34335443037974683,0.4535005224660397,0.01752109020116807,6056,108,415,217,0.8491283093339029,0.6134122133782103,
sen_only,42,semisup,,,2,0.9231901118304885,0.6666666666666666,0.34810126582278483,0.4573804573804574,0.017845554834523034,6054,110,412,220,0.8501825626956028,0.6202828862614985,
sen_only,42,semisup,,,3,0.9251030017657446,0.6782608695652174,0.370253164556962,0.4790174002047083,0.018007787151200518,6053,111,398,234,0.8502107993329993,0.6205982464758545,
sen_only,42,semisup,,,5,0.9342260153031194,0.7239709443099274,0.47310126582278483,0.5722488038277512,0.01849448410123296,6050,114,333,299,0.848125652009627,0.6129904936648501,
sen_only,42,semisup,,,8,0.9351088875809299,0.7268408551068883,0.48417721518987344,0.5811965811965812,0.018656716417910446,6049,115,326,306,0.8429470527111279,0.5990547648934271,
sen_only,42,semisup,,,12,0.9326074161271336,0.7132352941176471,0.46044303797468356,0.5596153846153846,0.01898118105126541,6047,117,341,291,0.8358016432696178,0.5705351191781171,
sen_only,42,semisup,,,20,0.9142142436727487,0.5865724381625441,0.2626582278481013,0.3628415300546448,0.01898118105126541,6047,117,466,166,0.8237777129761211,0.5006180526257785,
sen_only,42,semisup,,,30,0.9086227192466156,0.5224489795918368,0.20253164556962025,0.2919042189281642,0.01898118105126541,6047,117,504,128,0.8111985477127297,0.41557330180708596,
sen_only,42,semisup,,,40,0.9097998822836962,0.5375494071146245,0.21518987341772153,0.3073446327683616,0.01898118105126541,6047,117,496,136,0.8056980507479115,0.3797585634721846,
sen_only,42,hybrid,,,1,0.9343731606827546,0.7348484848484849,0.46044303797468356,0.566147859922179,0.017034393251135625,6059,105,341,291,0.85143036537182,0.6285446815973578,0.0
sen_only,42,hybrid,,,2,0.9373160682754561,0.7417840375586855,0.5,0.5973534971644613,0.017845554834523034,6054,110,316,316,0.8534841956973526,0.6401528630607516,0.0
sen_only,42,hybrid,,,3,0.9376103590347263,0.744131455399061,0.5015822784810127,0.5992438563327032,0.017683322517845552,6055,109,315,317,0.8533145191762705,0.6416663945425981,0.0
sen_only,42,hybrid,,,5,0.9365803413772807,0.7353629976580797,0.49683544303797467,0.5930122757318225,0.01833225178455548,6051,113,318,314,0.8513071509540903,0.6356682081603241,0.0
sen_only,42,hybrid,,,8,0.9362860506180106,0.7330210772833724,0.495253164556962,0.591123701605288,0.01849448410123296,6050,114,319,313,0.8460985181412695,0.6161252926982845,0.0
sen_only,42,hybrid,,,12,0.9336374337845792,0.7180722891566265,0.47151898734177217,0.5692454632282713,0.01898118105126541,6047,117,334,298,0.8393707542365225,0.5865351786121612,0.0
sen_only,42,hybrid,,,20,0.9256915832842849,0.6759002770083102,0.3860759493670886,0.4914400805639476,0.01898118105126541,6047,117,388,244,0.8276830966247465,0.5104887408994194,0.0
sen_only,42,hybrid,,,30,0.9072984108298999,0.5042372881355932,0.18829113924050633,0.27419354838709675,0.01898118105126541,6047,117,513,119,0.815383730768283,0.424997678845827,0.0
sen_only,42,hybrid,,,40,0.9061212477928193,0.4868421052631579,0.17563291139240506,0.25813953488372093,0.01898118105126541,6047,117,521,111,0.8106941386901486,0.38354304935911615,0.0
sen_only,42,hybrid,,,1,0.9345203060623897,0.7355163727959698,0.4620253164556962,0.5675413022351797,0.017034393251135625,6059,105,340,292,0.8509834564108462,0.6264878933057771,0.25
sen_only,42,hybrid,,,2,0.9349617422012949,0.7317073170731707,0.47468354430379744,0.5758157389635317,0.017845554834523034,6054,110,332,300,0.8526971636041037,0.6356270483958906,0.25
sen_only,42,hybrid,,,3,0.9377575044143613,0.7447306791569087,0.5031645569620253,0.6005665722379604,0.017683322517845552,6055,109,314,318,0.8526127103886183,0.6377082266032061,0.25
sen_only,42,hybrid,,,5,0.9361389052383755,0.7334905660377359,0.4920886075949367,0.5890151515151515,0.01833225178455548,6051,113,321,311,0.8506602752610093,0.6317625614418477,0.25
sen_only,42,hybrid,,,8,0.9358446144791054,0.7311320754716981,0.49050632911392406,0.5871212121212122,0.01849448410123296,6050,114,322,310,0.8454385509163045,0.6131700869885278,0.25
sen_only,42,hybrid,,,12,0.933343143025309,0.7167070217917676,0.46835443037974683,0.5665071770334928,0.01898118105126541,6047,117,336,296,0.8386027176993404,0.583958043018305,0.25
sen_only,42,hybrid,,,20,0.9261330194231902,0.6785714285714286,0.39082278481012656,0.4959839357429719,0.01898118105126541,6047,117,385,247,0.8267754170808042,0.5087204874337642,0.25
sen_only,42,hybrid,,,30,0.9080341377280753,0.5145228215767634,0.1962025316455696,0.284077892325315,0.01898118105126541,6047,117,508,124,0.8144752811342298,0.42366713619330437,0.25
sen_only,42,hybrid,,,40,0.90759270158917,0.5084033613445378,0.19145569620253164,0.27816091954022987,0.01898118105126541,6047,117,511,121,0.8096930215460945,0.3832560719451988,0.25
sen_only,42,hybrid,,,1,0.9289287816362566,0.7041095890410959,0.40664556962025317,0.5155466399197592,0.01752109020116807,6056,108,375,257,0.8504777639047469,0.6234459756490403,0.5
sen_only,42,hybrid,,,2,0.9330488522660388,0.7229219143576826,0.4541139240506329,0.5578231292517006,0.017845554834523034,6054,110,345,287,0.8518988368558966,0.6313829137063228,0.5
sen_only,42,hybrid,,,3,0.9346674514420247,0.7303921568627451,0.47151898734177217,0.573076923076923,0.017845554834523034,6054,110,334,298,0.851848780998694,0.6329176701379586,0.5
sen_only,42,hybrid,,,5,0.9359917598587404,0.7328605200945626,0.49050632911392406,0.5876777251184834,0.01833225178455548,6051,113,322,310,0.8498272944578155,0.6252567315874845,0.5
sen_only,42,hybrid,,,8,0.9354031783402001,0.7281323877068558,0.4873417721518987,0.5838862559241706,0.018656716417910446,6049,115,324,308,0.8447372555220595,0.609767902229592,0.5
sen_only,42,hybrid,,,12,0.9330488522660388,0.7153284671532847,0.4651898734177215,0.5637583892617449,0.01898118105126541,6047,117,338,294,0.8377692235027394,0.5814331398541698,0.5
sen_only,42,hybrid,,,20,0.9231901118304885,0.6598837209302325,0.35917721518987344,0.4651639344262295,0.01898118105126541,6047,117,405,227,0.8258361638423185,0.5064961008129315,0.5
sen_only,42,hybrid,,,30,0.9089170100058858,0.5263157894736842,0.20569620253164558,0.29579067121729236,0.01898118105126541,6047,117,502,130,0.813436429574746,0.4221422939524088,0.5
sen_only,42,hybrid,,,40,0.9090641553855209,0.5282258064516129,0.20727848101265822,0.29772727272727273,0.01898118105126541,6047,117,501,131,0.8084870604325649,0.3817095286397987,0.5
sen_only,42,hybrid,,,1,0.924072984108299,0.6746987951807228,0.35443037974683544,0.46473029045643155,0.01752109020116807,6056,108,408,224,0.8498195935567074,0.6182565578321746,0.75
sen_only,42,hybrid,,,2,0.927751618599176,0.6952908587257618,0.3971518987341772,0.5055387713997986,0.017845554834523034,6054,110,381,251,0.851111034672537,0.6261236659555433,0.75
sen_only,42,hybrid,,,3,0.9321659799882284,0.7175572519083969,0.4462025316455696,0.5502439024390244,0.018007787151200518,6053,111,350,282,0.8510098961713174,0.6262575113192821,0.75
sen_only,42,hybrid,,,5,0.9358446144791054,0.7311320754716981,0.49050632911392406,0.5871212121212122,0.01849448410123296,6050,114,322,310,0.8489935435645111,0.6192599498234928,0.75
sen_only,42,hybrid,,,8,0.9351088875809299,0.7268408551068883,0.48417721518987344,0.5811965811965812,0.018656716417910446,6049,115,326,306,0.8438598661891423,0.604720025484842,0.75
sen_only,42,hybrid,,,12,0.9329017068864037,0.7146341463414634,0.46360759493670883,0.5623800383877159,0.01898118105126541,6047,117,339,293,0.8368155952488521,0.5765430933023525,0.75
sen_only,42,hybrid,,,20,0.9143613890523837,0.5880281690140845,0.26424050632911394,0.3646288209606987,0.01898118105126541,6047,117,465,167,0.8248902364895391,0.5051968297093811,0.75
sen_only,42,hybrid,,,30,0.9087698646262508,0.524390243902439,0.20411392405063292,0.2938496583143508,0.01898118105126541,6047,117,503,129,0.8123737052218271,0.4192400984222938,0.75
sen_only,42,hybrid,,,40,0.9096527369040612,0.5357142857142857,0.21360759493670886,0.3054298642533937,0.01898118105126541,6047,117,497,135,0.8070883200946286,0.38037015621305686,0.75
sen_only,42,hybrid,,,1,0.9233372572101236,0.6697247706422018,0.34651898734177217,0.456725755995829,0.01752109020116807,6056,108,413,219,0.8494101623144595,0.6153471513408931,0.9
sen_only,42,hybrid,,,2,0.9242201294879341,0.6735905044510386,0.35917721518987344,0.46852425180598556,0.017845554834523034,6054,110,405,227,0.8505640139971579,0.6227073323358251,0.9
sen_only,42,hybrid,,,3,0.9271630370806356,0.6908077994428969,0.3924050632911392,0.5005045408678103,0.018007787151200518,6053,111,384,248,0.8505285898520604,0.6227703164672126,0.9
sen_only,42,hybrid,,,5,0.9349617422012949,0.7272727272727273,0.4810126582278481,0.579047619047619,0.01849448410123296,6050,114,328,304,0.8484660318386055,0.6154238675244453,0.9
sen_only,42,hybrid,,,8,0.935256032960565,0.7274881516587678,0.48575949367088606,0.5825426944971537,0.018656716417910446,6049,115,325,307,0.8432928231708819,0.6013796655679511,0.9
sen_only,42,hybrid,,,12,0.9327545615067687,0.7139364303178484,0.4620253164556962,0.5609990393852066,0.01898118105126541,6047,117,340,292,0.8362056838810898,0.5728818671782601,0.9
sen_only,42,hybrid,,,20,0.9142142436727487,0.5865724381625441,0.2626582278481013,0.3628415300546448,0.01898118105126541,6047,117,466,166,0.8242449009766796,0.5016627498500931,0.9
sen_only,42,hybrid,,,30,0.9086227192466156,0.5224489795918368,0.20253164556962025,0.2919042189281642,0.01898118105126541,6047,117,504,128,0.8116767736715431,0.4170584293316143,0.9
sen_only,42,hybrid,,,40,0.9097998822836962,0.5375494071146245,0.21518987341772153,0.3073446327683616,0.01898118105126541,6047,117,496,136,0.8062581629551746,0.3800729448105848,0.9
sen_only,42,hybrid,,,1,0.9230429664508535,0.6676923076923077,0.34335443037974683,0.4535005224660397,0.01752109020116807,6056,108,415,217,0.8491283093339029,0.6134122133782103,1.0
sen_only,42,hybrid,,,2,0.9231901118304885,0.6666666666666666,0.34810126582278483,0.4573804573804574,0.017845554834523034,6054,110,412,220,0.8501825626956028,0.6202828862614985,1.0
sen_only,42,hybrid,,,3,0.9251030017657446,0.6782608695652174,0.370253164556962,0.4790174002047083,0.018007787151200518,6053,111,398,234,0.8502107993329993,0.6205982464758545,1.0
sen_only,42,hybrid,,,5,0.9342260153031194,0.7239709443099274,0.47310126582278483,0.5722488038277512,0.01849448410123296,6050,114,333,299,0.848125652009627,0.6129904936648501,1.0
sen_only,42,hybrid,,,8,0.9351088875809299,0.7268408551068883,0.48417721518987344,0.5811965811965812,0.018656716417910446,6049,115,326,306,0.8429470527111279,0.5990547648934271,1.0
sen_only,42,hybrid,,,12,0.9326074161271336,0.7132352941176471,0.46044303797468356,0.5596153846153846,0.01898118105126541,6047,117,341,291,0.8358016432696178,0.5705351191781171,1.0
sen_only,42,hybrid,,,20,0.9142142436727487,0.5865724381625441,0.2626582278481013,0.3628415300546448,0.01898118105126541,6047,117,466,166,0.8237777129761211,0.5006180526257785,1.0
sen_only,42,hybrid,,,30,0.9086227192466156,0.5224489795918368,0.20253164556962025,0.2919042189281642,0.01898118105126541,6047,117,504,128,0.8111985477127297,0.41557330180708596,1.0
sen_only,42,hybrid,,,40,0.9097998822836962,0.5375494071146245,0.21518987341772153,0.3073446327683616,0.01898118105126541,6047,117,496,136,0.8056980507479115,0.3797585634721846,1.0
sen_only,7,unsup,0.0,1.0,1,0.9095987064530354,0.8947368421052632,0.026984126984126985,0.05238828967642527,0.0003239915762190183,6171,2,613,17,0.7640593058866184,0.44210294984590864,
sen_only,7,unsup,0.0,1.0,2,0.9094517124797883,0.8888888888888888,0.025396825396825397,0.04938271604938271,0.0003239915762190183,6171,2,614,16,0.7633817520744461,0.5022708035565151,
sen_only,7,unsup,0.0,1.0,3,0.9093047185065413,0.8823529411764706,0.023809523809523808,0.04636785162287481,0.0003239915762190183,6171,2,615,15,0.7625231743974656,0.5104116282493585,
sen_only,7,unsup,0.0,1.0,5,0.909010730560047,0.8666666666666667,0.020634920634920634,0.040310077519379844,0.0003239915762190183,6171,2,617,13,0.762330836541107,0.5100230860226526,
sen_only,7,unsup,0.0,1.0,8,0.9085697486403057,0.8333333333333334,0.015873015873015872,0.03115264797507788,0.0003239915762190183,6171,2,620,10,0.7589127254119965,0.4992025707918163,
sen_only,7,unsup,0.0,1.0,12,0.9078347787740703,0.6666666666666666,0.009523809523809525,0.018779342723004695,0.00048598736432852737,6170,3,624,6,0.7565527296290296,0.474770733383854,
sen_only,7,unsup,0.0,1.0,20,0.9072468028810818,0.0,0.0,0.0,0.00016199578810950914,6172,1,630,0,0.7542611320677092,0.421786620933459,
sen_only,7,unsup,0.0,1.0,30,0.907393796854329,0.0,0.0,0.0,0.0,6173,0,630,0,0.7528677111537958,0.3762450340751595,
sen_only,7,unsup,0.0,1.0,40,0.907393796854329,0.0,0.0,0.0,0.0,6173,0,630,0,0.7595409090792211,0.3587095601477574,
sen_only,7,unsup,0.0,3.0,1,0.9095987064530354,0.8947368421052632,0.026984126984126985,0.05238828967642527,0.0003239915762190183,6171,2,613,17,0.7561446545246966,0.488275077005911,
sen_only,7,unsup,0.0,3.0,2,0.9093047185065413,0.8421052631578947,0.025396825396825397,0.04930662557781202,0.00048598736432852737,6170,3,614,16,0.7540585087644864,0.51628355881178,
sen_only,7,unsup,0.0,3.0,3,0.9091577245332941,0.8333333333333334,0.023809523809523808,0.046296296296296294,0.00048598736432852737,6170,3,615,15,0.7521865574352209,0.5180643217097495,
sen_only,7,unsup,0.0,3.0,5,0.9087167426135528,0.7647058823529411,0.020634920634920634,0.0401854714064915,0.0006479831524380366,6169,4,617,13,0.7507797654403843,0.509824024463932,
sen_only,7,unsup,0.0,3.0,8,0.9082757606938116,0.6875,0.01746031746031746,0.034055727554179564,0.0008099789405475456,6168,5,619,11,0.74646244911918,0.49297629993123293,
sen_only,7,unsup,0.0,3.0,12,0.9075407908275761,0.5384615384615384,0.011111111111111112,0.02177293934681182,0.0009719747286570547,6167,6,623,7,0.7425866356046171,0.4665261943173723,
sen_only,7,unsup,0.0,3.0,20,0.9063648390415993,0.0,0.0,0.0,0.001133970516766564,6166,7,630,0,0.7366159337000094,0.41248722384711356,
sen_only,7,unsup,0.0,3.0,30,0.907393796854329,0.0,0.0,0.0,0.0,6173,0,630,0,0.7325848099377987,0.3668197778016585,
sen_only,7,unsup,0.0,3.0,40,0.907393796854329,0.0,0.0,0.0,0.0,6173,0,630,0,0.7354775918683257,0.34399218415893557,
sen_only,7,unsup,0.0,5.0,1,0.9097457004262826,0.8636363636363636,0.03015873015873016,0.05828220858895705,0.00048598736432852737,6170,3,611,19,0.7521071023581958,0.499895666514285,
sen_only,7,unsup,0.0,5.0,2,0.9094517124797883,0.8181818181818182,0.02857142857142857,0.05521472392638037,0.0006479831524380366,6169,4,612,18,0.7503968896808683,0.5208596351941283,
sen_only,7,unsup,0.0,5.0,3,0.9094517124797883,0.8181818181818182,0.02857142857142857,0.05521472392638037,0.0006479831524380366,6169,4,612,18,0.7488314446681529,0.5207560642208171,
sen_only,7,unsup,0.0,5.0,5,0.9087167426135528,0.7368421052631579,0.022222222222222223,0.04314329738058552,0.0008099789405475456,6168,5,616,14,0.7475167074227498,0.5131695743422635,
sen_only,7,unsup,0.0,5.0,8,0.9081287667205644,0.6470588235294118,0.01746031746031746,0.03400309119010819,0.0009719747286570547,6167,6,619,11,0.7431322785607575,0.49584968535785917,
sen_only,7,unsup,0.0,5.0,12,0.907393796854329,0.5,0.011111111111111112,0.021739130434782608,0.001133970516766564,6166,7,623,7,0.7394511171280974,0.4684948535069488,
sen_only,7,unsup,0.0,5.0,20,0.9062178450683522,0.0,0.0,0.0,0.0012959663048760731,6165,8,630,0,0.7340155155965945,0.4128839307733244,
sen_only,7,unsup,0.0,5.0,30,0.907393796854329,0.0,0.0,0.0,0.0,6173,0,630,0,0.7307244297362554,0.36830835254799144,
sen_only,7,unsup,0.0,5.0,40,0.907393796854329,0.0,0.0,0.0,0.0,6173,0,630,0,0.7322243050252122,0.3444197769259698,
sen_only,7,unsup,0.0,10.0,1,0.9131265618109657,0.8823529411764706,0.07142857142857142,0.13215859030837004,0.0009719747286570547,6167,6,585,45,0.7486439923990548,0.5184863912250327,
sen_only,7,unsup,0.0,10.0,2,0.9128325738644716,0.8775510204081632,0.06825396825396825,0.12665684830633284,0.0009719747286570547,6167,6,587,43,0.7467782123379078,0.52807762974,
sen_only,7,unsup,0.0,10.0,3,0.9123915919447303,0.8541666666666666,0.06507936507936508,0.12094395280235988,0.001133970516766564,6166,7,589,41,0.7451304837502796,0.5255117989137665,
sen_only,7,unsup,0.0,10.0,5,0.9115096281052477,0.8043478260869565,0.05873015873015873,0.10946745562130178,0.001457962092985582,6164,9,593,37,0.743895715854245,0.514434744820308,
sen_only,7,unsup,0.0,10.0,8,0.9106276642657651,0.7619047619047619,0.050793650793650794,0.09523809523809523,0.0016199578810950912,6163,10,598,32,0.7399808176415985,0.4945784542202609,
sen_only,7,unsup,0.0,10.0,12,0.9094517124797883,0.6944444444444444,0.03968253968253968,0.07507507507507508,0.0017819536692046003,6162,11,605,25,0.7373359149804962,0.470092751344304,
sen_only,7,unsup,0.0,10.0,20,0.905923857121858,0.0,0.0,0.0,0.0016199578810950912,6163,10,630,0,0.7338221491955496,0.4134881557629658,
sen_only,7,unsup,0.0,10.0,30,0.9068058209613405,0.0,0.0,0.0,0.0006479831524380366,6169,4,630,0,0.7319141988022597,0.37010183984409445,
sen_only,7,unsup,0.0,10.0,40,0.907393796854329,0.0,0.0,0.0,0.0,6173,0,630,0,0.7330286269699846,0.34528139668061264,
sen_only,7,unsup,0.0,20.0,1,0.9131265618109657,0.8823529411764706,0.07142857142857142,0.13215859030837004,0.0009719747286570547,6167,6,585,45,0.7486581348884929,0.5257134658109442,
sen_only,7,unsup,0.0,20.0,2,0.9125385859179773,0.8431372549019608,0.06825396825396825,0.1262848751835536,0.0012959663048760731,6165,8,587,43,0.7461238007811797,0.5295815665142836,
sen_only,7,unsup,0.0,20.0,3,0.9122445979714832,0.8367346938775511,0.06507936507936508,0.12076583210603829,0.0012959663048760731,6165,8,589,41,0.7443881316228634,0.5284613279477793,
sen_only,7,unsup,0.0,20.0,5,0.9116566220784947,0.8085106382978723,0.06031746031746032,0.11225997045790251,0.001457962092985582,6164,9,592,38,0.7427308889968861,0.5159137438165626,
sen_only,7,unsup,0.0,20.0,8,0.9107746582390122,0.7674418604651163,0.05238095238095238,0.09806835066864784,0.0016199578810950912,6163,10,597,33,0.7390970406198011,0.49779876960099567,
sen_only,7,unsup,0.0,20.0,12,0.9093047185065413,0.6666666666666666,0.04126984126984127,0.07772795216741404,0.0021059452454236186,6160,13,604,26,0.7374320839086755,0.472083821361901,
sen_only,7,unsup,0.0,20.0,20,0.9070998089078348,0.45454545454545453,0.015873015873015872,0.03067484662576687,0.0019439494573141095,6161,12,620,10,0.7360013782498799,0.4158363410265478,
sen_only,7,unsup,0.0,20.0,30,0.9066588269880935,0.14285714285714285,0.0015873015873015873,0.0031397174254317113,0.0009719747286570547,6167,6,629,1,0.7363083988387732,0.3737413375495221,
sen_only,7,unsup,0.0,20.0,40,0.907393796854329,0.0,0.0,0.0,0.0,6173,0,630,0,0.7382664907855254,0.3499203164292374,
sen_only,7,semisup,,,1,0.9137145377039542,0.8524590163934426,0.08253968253968254,0.15050651230101303,0.001457962092985582,6164,9,578,52,0.7471148035865354,0.5256636544976164,
sen_only,7,semisup,,,2,0.9126855798912245,0.8333333333333334,0.07142857142857142,0.13157894736842105,0.001457962092985582,6164,9,585,45,0.7446547818328153,0.528450804326939,
sen_only,7,semisup,,,3,0.9128325738644716,0.8363636363636363,0.07301587301587302,0.1343065693430657,0.001457962092985582,6164,9,584,46,0.7422068454791604,0.5220038488558574,
sen_only,7,semisup,,,5,0.9113626341320006,0.7647058823529411,0.06190476190476191,0.1145374449339207,0.0019439494573141095,6161,12,591,39,0.7398388784748738,0.5116398603193021,
sen_only,7,semisup,,,8,0.910480670292518,0.7142857142857143,0.05555555555555555,0.10309278350515463,0.002267941033533128,6159,14,595,35,0.7346012717955047,0.4934017190592547,
sen_only,7,semisup,,,12,0.9091577245332941,0.6428571428571429,0.04285714285714286,0.08035714285714286,0.002429936821642637,6158,15,603,27,0.7326398370785218,0.46734894790184367,
sen_only,7,semisup,,,20,0.9070998089078348,0.4583333333333333,0.01746031746031746,0.03363914373088685,0.0021059452454236186,6160,13,619,11,0.7318990277681352,0.41965273358195004,
sen_only,7,semisup,,,30,0.9066588269880935,0.2222222222222222,0.0031746031746031746,0.006259780907668232,0.001133970516766564,6166,7,628,2,0.7314045549101438,0.37846365335530324,
sen_only,7,semisup,,,40,0.907393796854329,0.0,0.0,0.0,0.0,6173,0,630,0,0.7315308087704006,0.35575861051809965,
sen_only,7,hybrid,,,1,0.9131265618109657,0.8823529411764706,0.07142857142857142,0.13215859030837004,0.0009719747286570547,6167,6,585,45,0.7486581348884929,0.5257134658109442,0.0
sen_only,7,hybrid,,,2,0.9125385859179773,0.8431372549019608,0.06825396825396825,0.1262848751835536,0.0012959663048760731,6165,8,587,43,0.7461238007811797,0.5295815665142836,0.0
sen_only,7,hybrid,,,3,0.9122445979714832,0.8367346938775511,0.06507936507936508,0.12076583210603829,0.0012959663048760731,6165,8,589,41,0.7443881316228634,0.5284613279477793,0.0
sen_only,7,hybrid,,,5,0.9116566220784947,0.8085106382978723,0.06031746031746032,0.11225997045790251,0.001457962092985582,6164,9,592,38,0.7427308889968861,0.5159137438165626,0.0
sen_only,7,hybrid,,,8,0.9107746582390122,0.7674418604651163,0.05238095238095238,0.09806835066864784,0.0016199578810950912,6163,10,597,33,0.7390970406198011,0.49779876960099567,0.0
sen_only,7,hybrid,,,12,0.9093047185065413,0.6666666666666666,0.04126984126984127,0.07772795216741404,0.0021059452454236186,6160,13,604,26,0.7374320839086755,0.472083821361901,0.0
sen_only,7,hybrid,,,20,0.9070998089078348,0.45454545454545453,0.015873015873015872,0.03067484662576687,0.0019439494573141095,6161,12,620,10,0.7360013782498799,0.4158363410265478,0.0
sen_only,7,hybrid,,,30,0.9066588269880935,0.14285714285714285,0.0015873015873015873,0.0031397174254317113,0.0009719747286570547,6167,6,629,1,0.7363083988387732,0.3737413375495221,0.0
sen_only,7,hybrid,,,40,0.907393796854329,0.0,0.0,0.0,0.0,6173,0,630,0,0.7382664907855254,0.3499203164292374,0.0
sen_only,7,hybrid,,,1,0.9131265618109657,0.8679245283018868,0.07301587301587302,0.13469985358711567,0.001133970516766564,6166,7,584,46,0.7468926379342709,0.524043418481914,0.25
sen_only,7,hybrid,,,2,0.9125385859179773,0.8431372549019608,0.06825396825396825,0.1262848751835536,0.0012959663048760731,6165,8,587,43,0.7445249280661561,0.5270579399628842,0.25
sen_only,7,hybrid,,,3,0.912097603998236,0.82,0.06507936507936508,0.12058823529411765,0.001457962092985582,6164,9,589,41,0.7427077467414419,0.5258632103969776,0.25
sen_only,7,hybrid,,,5,0.9116566220784947,0.7959183673469388,0.06190476190476191,0.11487481590574374,0.0016199578810950912,6163,10,591,39,0.7411340733712353,0.5150986800999338,0.25
sen_only,7,hybrid,,,8,0.910480670292518,0.7333333333333333,0.05238095238095238,0.09777777777777778,0.0019439494573141095,6161,12,597,33,0.7373693426828045,0.4972939240696892,0.25
sen_only,7,hybrid,,,12,0.9093047185065413,0.6585365853658537,0.04285714285714286,0.08047690014903129,0.002267941033533128,6159,14,603,27,0.7358792385683686,0.4734202498792667,0.25
sen_only,7,hybrid,,,20,0.9070998089078348,0.45454545454545453,0.015873015873015872,0.03067484662576687,0.0019439494573141095,6161,12,620,10,0.7346889552300212,0.4167521459724959,0.25
sen_only,7,hybrid,,,30,0.9068058209613405,0.25,0.0031746031746031746,0.006269592476489028,0.0009719747286570547,6167,6,628,2,0.7349679479762097,0.37520909810522207,0.25
sen_only,7,hybrid,,,40,0.907393796854329,0.0,0.0,0.0,0.0,6173,0,630,0,0.7367360162921478,0.3514614171881945,0.25
sen_only,7,hybrid,,,1,0.9131265618109657,0.8679245283018868,0.07301587301587302,0.13469985358711567,0.001133970516766564,6166,7,584,46,0.7459980611932661,0.5236109049735884,0.5
sen_only,7,hybrid,,,2,0.9125385859179773,0.8431372549019608,0.06825396825396825,0.1262848751835536,0.0012959663048760731,6165,8,587,43,0.7435766098652863,0.5265337510350971,0.5
sen_only,7,hybrid,,,3,0.912097603998236,0.82,0.06507936507936508,0.12058823529411765,0.001457962092985582,6164,9,589,41,0.7416748307401151,0.5227757964111327,0.5
sen_only,7,hybrid,,,5,0.9115096281052477,0.78,0.06190476190476191,0.11470588235294117,0.0017819536692046003,6162,11,591,39,0.7400476730462151,0.5122829619760605,0.5
sen_only,7,hybrid,,,8,0.910480670292518,0.723404255319149,0.05396825396825397,0.10044313146233383,0.0021059452454236186,6160,13,596,34,0.7360060067009686,0.4957722412260968,0.5
sen_only,7,hybrid,,,12,0.9093047185065413,0.6585365853658537,0.04285714285714286,0.08047690014903129,0.002267941033533128,6159,14,603,27,0.7346192713275168,0.47154472850790236,0.5
sen_only,7,hybrid,,,20,0.9069528149345877,0.43478260869565216,0.015873015873015872,0.030627871362940276,0.0021059452454236186,6160,13,620,10,0.7334948148490995,0.4177034549885346,0.5
sen_only,7,hybrid,,,30,0.9068058209613405,0.25,0.0031746031746031746,0.006269592476489028,0.0009719747286570547,6167,6,628,2,0.7336763529862509,0.3764163264257827,0.5
sen_only,7,hybrid,,,40,0.907393796854329,0.0,0.0,0.0,0.0,6173,0,630,0,0.735058974180957,0.3528247694283567,0.5
sen_only,7,hybrid,,,1,0.9128325738644716,0.8490566037735849,0.07142857142857142,0.13177159590043924,0.0012959663048760731,6165,8,585,45,0.7463181957269112,0.5246329679501179,0.75
sen_only,7,hybrid,,,2,0.9123915919447303,0.8269230769230769,0.06825396825396825,0.12609970674486803,0.001457962092985582,6164,9,587,43,0.7437229203469281,0.5280627292492197,0.75
sen_only,7,hybrid,,,3,0.9122445979714832,0.8235294117647058,0.06666666666666667,0.12334801762114538,0.001457962092985582,6164,9,588,42,0.7415151491775499,0.5223954780235945,0.75
sen_only,7,hybrid,,,5,0.9115096281052477,0.78,0.06190476190476191,0.11470588235294117,0.0017819536692046003,6162,11,591,39,0.7395015158177316,0.5118737290016993,0.75
sen_only,7,hybrid,,,8,0.9106276642657651,0.7291666666666666,0.05555555555555555,0.10324483775811209,0.0021059452454236186,6160,13,595,35,0.7350255464786487,0.4942934958639201,0.75
sen_only,7,hybrid,,,12,0.9091577245332941,0.6428571428571429,0.04285714285714286,0.08035714285714286,0.002429936821642637,6158,15,603,27,0.7336457537818302,0.46918717645172026,0.75
sen_only,7,hybrid,,,20,0.9070998089078348,0.4583333333333333,0.01746031746031746,0.03363914373088685,0.0021059452454236186,6160,13,619,11,0.732631865857202,0.41895477583588847,0.75
sen_only,7,hybrid,,,30,0.9066588269880935,0.2222222222222222,0.0031746031746031746,0.006259780907668232,0.001133970516766564,6166,7,628,2,0.7326642650148238,0.3775420521911595,0.75
sen_only,7,hybrid,,,40,0.907393796854329,0.0,0.0,0.0,0.0,6173,0,630,0,0.7334814437681763,0.354434807900984,0.75
sen_only,7,hybrid,,,1,0.9129795678377186,0.8518518518518519,0.07301587301587302,0.13450292397660818,0.0012959663048760731,6165,8,584,46,0.7467411847291969,0.5248155144835247,0.9
sen_only,7,hybrid,,,2,0.9126855798912245,0.8333333333333334,0.07142857142857142,0.13157894736842105,0.001457962092985582,6164,9,585,45,0.7441929652686173,0.5283869719344114,0.9
sen_only,7,hybrid,,,3,0.9122445979714832,0.8235294117647058,0.06666666666666667,0.12334801762114538,0.001457962092985582,6164,9,588,42,0.7418483976559467,0.5218845909725648,0.9
sen_only,7,hybrid,,,5,0.9115096281052477,0.78,0.06190476190476191,0.11470588235294117,0.0017819536692046003,6162,11,591,39,0.7396192841843255,0.5122024905278694,0.9
sen_only,7,hybrid,,,8,0.910480670292518,0.7142857142857143,0.05555555555555555,0.10309278350515463,0.002267941033533128,6159,14,595,35,0.7346434421276475,0.4936028455964705,0.9
sen_only,7,hybrid,,,12,0.9091577245332941,0.6428571428571429,0.04285714285714286,0.08035714285714286,0.002429936821642637,6158,15,603,27,0.7329833710037825,0.46824345990379124,0.9
sen_only,7,hybrid,,,20,0.9070998089078348,0.4583333333333333,0.01746031746031746,0.03363914373088685,0.0021059452454236186,6160,13,619,11,0.7322397331955084,0.4193022579423942,0.9
sen_only,7,hybrid,,,30,0.9066588269880935,0.2222222222222222,0.0031746031746031746,0.006259780907668232,0.001133970516766564,6166,7,628,2,0.7319558548620593,0.3780505761303882,0.9
sen_only,7,hybrid,,,40,0.907393796854329,0.0,0.0,0.0,0.0,6173,0,630,0,0.7323739582770847,0.3551726392882577,0.9
sen_only,7,hybrid,,,1,0.9137145377039542,0.8524590163934426,0.08253968253968254,0.15050651230101303,0.001457962092985582,6164,9,578,52,0.7471148035865354,0.5256636544976164,1.0
sen_only,7,hybrid,,,2,0.9126855798912245,0.8333333333333334,0.07142857142857142,0.13157894736842105,0.001457962092985582,6164,9,585,45,0.7446547818328153,0.528450804326939,1.0
sen_only,7,hybrid,,,3,0.9128325738644716,0.8363636363636363,0.07301587301587302,0.1343065693430657,0.001457962092985582,6164,9,584,46,0.7422068454791604,0.5220038488558574,1.0
sen_only,7,hybrid,,,5,0.9113626341320006,0.7647058823529411,0.06190476190476191,0.1145374449339207,0.0019439494573141095,6161,12,591,39,0.7398388784748738,0.5116398603193021,1.0
sen_only,7,hybrid,,,8,0.910480670292518,0.7142857142857143,0.05555555555555555,0.10309278350515463,0.002267941033533128,6159,14,595,35,0.7346012717955047,0.4934017190592547,1.0
sen_only,7,hybrid,,,12,0.9091577245332941,0.6428571428571429,0.04285714285714286,0.08035714285714286,0.002429936821642637,6158,15,603,27,0.7326398370785218,0.46734894790184367,1.0
sen_only,7,hybrid,,,20,0.9070998089078348,0.4583333333333333,0.01746031746031746,0.03363914373088685,0.0021059452454236186,6160,13,619,11,0.7318990277681352,0.41965273358195004,1.0
sen_only,7,hybrid,,,30,0.9066588269880935,0.2222222222222222,0.0031746031746031746,0.006259780907668232,0.001133970516766564,6166,7,628,2,0.7314045549101438,0.37846365335530324,1.0
sen_only,7,hybrid,,,40,0.907393796854329,0.0,0.0,0.0,0.0,6173,0,630,0,0.7315308087704006,0.35575861051809965,1.0
sen_only,123,unsup,0.0,1.0,1,0.922260329903642,0.7475728155339806,0.3672496025437202,0.4925373134328358,0.014197306152165997,5416,78,398,231,0.82082636181225,0.49825475032878336,
sen_only,123,unsup,0.0,1.0,2,0.9265066144047036,0.7549857549857549,0.42130365659777425,0.5408163265306123,0.015653440116490714,5408,86,364,265,0.8270441580148425,0.57808235657822,
sen_only,123,unsup,0.0,1.0,3,0.9281398007512657,0.7723342939481268,0.4260731319554849,0.5491803278688525,0.014379322897706586,5415,79,361,268,0.8279527948685748,0.591904704393976,
sen_only,123,unsup,0.0,1.0,5,0.9315694920790463,0.772020725388601,0.4737678855325914,0.587192118226601,0.016017473607571893,5406,88,331,298,0.8277817743652129,0.5902520235636428,
sen_only,123,unsup,0.0,1.0,8,0.9307528989057652,0.759493670886076,0.4769475357710652,0.5859375,0.01729159082635602,5399,95,329,300,0.825287942388951,0.584536819331365,
sen_only,123,unsup,0.0,1.0,12,0.9281398007512657,0.7454545454545455,0.4562798092209857,0.5660749506903353,0.01783764106297779,5396,98,342,287,0.8223363194882928,0.5634996433759052,
sen_only,123,unsup,0.0,1.0,20,0.9230769230769231,0.7146739130434783,0.41812400635930047,0.5275827482447342,0.01911175828176192,5389,105,366,263,0.8195829183216494,0.5148994403137377,
sen_only,123,unsup,0.0,1.0,30,0.9136044422668627,0.6582278481012658,0.33068362480127184,0.4402116402116402,0.01965780851838369,5386,108,421,208,0.8135234101314746,0.4482880611965905,
sen_only,123,unsup,0.0,1.0,40,0.9023354564755839,0.562753036437247,0.22098569157392686,0.317351598173516,0.01965780851838369,5386,108,490,139,0.8217789836346978,0.4175579981650976,
sen_only,123,unsup,0.0,3.0,1,0.9274865262126408,0.7681159420289855,0.42130365659777425,0.5441478439425051,0.014561339643247176,5414,80,364,265,0.8138404202185012,0.5428690122979722,
sen_only,123,unsup,0.0,3.0,2,0.9269965703086722,0.7527777777777778,0.43084260731319557,0.5480283114256825,0.016199490353112484,5405,89,358,271,0.8160592014528929,0.575944169185036,
sen_only,123,unsup,0.0,3.0,3,0.9269965703086722,0.7513812154696132,0.43243243243243246,0.5489404641775983,0.016381507098653072,5404,90,357,272,0.816119680784877,0.5826984431897689,
sen_only,123,unsup,0.0,3.0,5,0.9304262616364527,0.7664041994750657,0.4642289348171701,0.5782178217821782,0.016199490353112484,5405,89,337,292,0.8149453978700857,0.5787865176324539,
sen_only,123,unsup,0.0,3.0,8,0.9304262616364527,0.7622739018087855,0.46899841017488075,0.5807086614173228,0.016745540589734254,5402,92,334,295,0.8114234172500945,0.5668865875495194,
sen_only,123,unsup,0.0,3.0,12,0.926833251674016,0.7452574525745257,0.43720190779014306,0.5511022044088176,0.017109574080815433,5400,94,354,275,0.8081913901738735,0.5501344372080744,
sen_only,123,unsup,0.0,3.0,20,0.9227502858076106,0.7228571428571429,0.40222575516693165,0.5168539325842697,0.0176556243174372,5397,97,376,253,0.8048204631964455,0.49800913910560723,
sen_only,123,unsup,0.0,3.0,30,0.9132778049975502,0.6560509554140127,0.3275039745627981,0.4369034994697773,0.01965780851838369,5386,108,423,206,0.7991935703235731,0.4333435543957742,
sen_only,123,unsup,0.0,3.0,40,0.9036420055528336,0.5764705882352941,0.23370429252782193,0.332579185520362,0.01965780851838369,5386,108,482,147,0.8066319494080261,0.4021174395419259,
sen_only,123,unsup,0.0,5.0,1,0.9278131634819533,0.7663817663817664,0.4276629570747218,0.5489795918367347,0.014925373134328356,5412,82,360,269,0.8099915907684809,0.5506934456671025,
sen_only,123,unsup,0.0,5.0,2,0.9273232075779847,0.7541436464088398,0.43402225755166934,0.5509586276488395,0.016199490353112484,5405,89,356,273,0.8120270530707585,0.5699854400503747,
sen_only,123,unsup,0.0,5.0,3,0.9287930752898905,0.7573333333333333,0.45151033386327505,0.5657370517928287,0.016563523844193663,5403,91,345,284,0.8120256061967877,0.5735717501754705,
sen_only,123,unsup,0.0,5.0,5,0.9312428548097338,0.7708333333333334,0.47058823529411764,0.5844027640671273,0.016017473607571893,5406,88,333,296,0.8108348289187279,0.5693916344384792,
sen_only,123,unsup,0.0,5.0,8,0.9305895802711089,0.765625,0.46740858505564387,0.5804540967423495,0.016381507098653072,5404,90,335,294,0.807634343695073,0.5560474615701677,
sen_only,123,unsup,0.0,5.0,12,0.9273232075779847,0.7513661202185792,0.43720190779014306,0.5527638190954773,0.016563523844193663,5403,91,354,275,0.8041039712060505,0.5346938068062494,
sen_only,123,unsup,0.0,5.0,20,0.9224236485382982,0.7212643678160919,0.3990461049284579,0.5138178096212896,0.0176556243174372,5397,97,378,251,0.8013068744454855,0.4901258863074514,
sen_only,123,unsup,0.0,5.0,30,0.9134411236322064,0.6571428571428571,0.32909379968203495,0.4385593220338983,0.01965780851838369,5386,108,422,207,0.7958096214804067,0.43251857565424584,
sen_only,123,unsup,0.0,5.0,40,0.9052751918993958,0.5924528301886792,0.24960254372019078,0.3512304250559284,0.01965780851838369,5386,108,472,157,0.8039980600313797,0.4022365972064015,
sen_only,123,unsup,0.0,10.0,1,0.9279764821166095,0.7625698324022346,0.43402225755166934,0.5531914893617021,0.015471423370950125,5409,85,356,273,0.8087676800764876,0.5627205535824732,
sen_only,123,unsup,0.0,10.0,2,0.9299363057324841,0.7659574468085106,0.4578696343402226,0.573134328358209,0.016017473607571893,5406,88,341,288,0.8108487189088487,0.5810118042676291,
sen_only,123,unsup,0.0,10.0,3,0.932876041156296,0.7809278350515464,0.48171701112877585,0.5958702064896755,0.015471423370950125,5409,85,326,303,0.8106910096460194,0.5829282500328271,
sen_only,123,unsup,0.0,10.0,5,0.9323860852523272,0.7777777777777778,0.4785373608903021,0.59251968503937,0.015653440116490714,5408,86,328,301,0.8100977913179459,0.5786119017967029,
sen_only,123,unsup,0.0,10.0,8,0.9310795361750775,0.7688311688311689,0.47058823529411764,0.5838264299802761,0.016199490353112484,5405,89,333,296,0.8069919316519886,0.5654851664184932,
sen_only,123,unsup,0.0,10.0,12,0.9287930752898905,0.7629427792915532,0.4451510333863275,0.5622489959839357,0.015835456862031305,5407,87,349,280,0.8037758201894478,0.5440913419294157,
sen_only,123,unsup,0.0,10.0,20,0.9235668789808917,0.7333333333333333,0.40222575516693165,0.5195071868583162,0.016745540589734254,5402,92,376,253,0.8013375481736689,0.5007523881182387,
sen_only,123,unsup,0.0,10.0,30,0.9144210354401437,0.6635514018691588,0.3386327503974563,0.44842105263157894,0.01965780851838369,5386,108,416,213,0.7965272709699786,0.44450371961944335,
sen_only,123,unsup,0.0,10.0,40,0.9039686428221461,0.5797665369649806,0.2368839427662957,0.3363431151241535,0.01965780851838369,5386,108,480,149,0.8061055766574087,0.413164209703029,
sen_only,123,unsup,0.0,20.0,1,0.9278131634819533,0.7604456824512534,0.43402225755166934,0.5526315789473685,0.015653440116490714,5408,86,356,273,0.8114315197443316,0.5724728654487707,
sen_only,123,unsup,0.0,20.0,2,0.933692634329577,0.7837150127226463,0.48966613672496023,0.6027397260273972,0.015471423370950125,5409,85,321,308,0.8136634675318588,0.5905128699662632,
sen_only,123,unsup,0.0,20.0,3,0.9340192715988894,0.7848101265822784,0.492845786963434,0.60546875,0.015471423370950125,5409,85,319,310,0.8133926127245041,0.5915413551897666,
sen_only,123,unsup,0.0,20.0,5,0.932876041156296,0.7766497461928934,0.4864864864864865,0.5982404692082112,0.016017473607571893,5406,88,323,306,0.8127664056698939,0.5900712298310208,
sen_only,123,unsup,0.0,20.0,8,0.9318961293483586,0.7746113989637305,0.4753577106518283,0.5891625615763547,0.015835456862031305,5407,87,330,299,0.8094620348951276,0.5752244422421766,
sen_only,123,unsup,0.0,20.0,12,0.9302629430017965,0.772972972972973,0.4546899841017488,0.5725725725725725,0.015289406625409535,5410,84,343,286,0.8070121878875813,0.552719306231671,
sen_only,123,unsup,0.0,20.0,20,0.924546790788829,0.7420289855072464,0.4069952305246423,0.5256673511293635,0.016199490353112484,5405,89,373,256,0.8049668868423018,0.5081839598194798,
sen_only,123,unsup,0.0,20.0,30,0.9134411236322064,0.6571428571428571,0.32909379968203495,0.4385593220338983,0.01965780851838369,5386,108,422,207,0.8005203537548984,0.4512355494697594,
sen_only,123,unsup,0.0,20.0,40,0.9044585987261147,0.5846153846153846,0.24165341812400637,0.34195725534308213,0.01965780851838369,5386,108,477,152,0.8112625248645292,0.42176156438268897,
sen_only,123,semisup,,,1,0.9140943981708313,0.721030042918455,0.2670906200317965,0.38979118329466356,0.01183108846013833,5429,65,461,168,0.7838769624675105,0.4295721669486627,
sen_only,123,semisup,,,2,0.9206271435570799,0.7457044673539519,0.3449920508744038,0.4717391304347826,0.013469239170003639,5420,74,412,217,0.7862880332526364,0.463656231218917,
sen_only,123,semisup,,,3,0.9206271435570799,0.7440273037542662,0.3465818759936407,0.47288503253796094,0.013651255915544228,5419,75,411,218,0.7873008450322739,0.47987749715573436,
sen_only,123,semisup,,,5,0.919973869018455,0.735593220338983,0.3449920508744038,0.4696969696969697,0.014197306152165997,5416,78,412,217,0.7874614480430451,0.48892936070810494,
sen_only,123,semisup,,,8,0.9185040013065491,0.7338129496402878,0.32432432432432434,0.4498346196251378,0.013469239170003639,5420,74,425,204,0.7860831558983553,0.48554174280783813,
sen_only,123,semisup,,,12,0.9160542217867058,0.7237354085603113,0.2957074721780604,0.4198645598194131,0.012923188933381869,5423,71,443,186,0.7845818794661382,0.4784749720878405,
sen_only,123,semisup,,,20,0.910828025477707,0.6693877551020408,0.26073131955484896,0.37528604118993136,0.014743356388787767,5413,81,465,164,0.7853545101666047,0.47351544217560537,
sen_only,123,semisup,,,30,0.9095214764004573,0.6637554585152838,0.24165341812400637,0.3543123543123543,0.014015289406625407,5417,77,477,152,0.7802438619265532,0.4365248154800292,
sen_only,123,semisup,,,40,0.9056018291687081,0.6175115207373272,0.21303656597774245,0.31678486997635935,0.015107389879868946,5411,83,495,134,0.7841047004305317,0.4169648657907198,
sen_only,123,hybrid,,,1,0.922260329903642,0.7475728155339806,0.3672496025437202,0.4925373134328358,0.014197306152165997,5416,78,398,231,0.82082636181225,0.49825475032878336,0.0
sen_only,123,hybrid,,,2,0.9265066144047036,0.7549857549857549,0.42130365659777425,0.5408163265306123,0.015653440116490714,5408,86,364,265,0.8270441580148425,0.57808235657822,0.0
sen_only,123,hybrid,,,3,0.9281398007512657,0.7723342939481268,0.4260731319554849,0.5491803278688525,0.014379322897706586,5415,79,361,268,0.8279527948685748,0.591904704393976,0.0
sen_only,123,hybrid,,,5,0.9315694920790463,0.772020725388601,0.4737678855325914,0.587192118226601,0.016017473607571893,5406,88,331,298,0.8277817743652129,0.5902520235636428,0.0
sen_only,123,hybrid,,,8,0.9307528989057652,0.759493670886076,0.4769475357710652,0.5859375,0.01729159082635602,5399,95,329,300,0.825287942388951,0.584536819331365,0.0
sen_only,123,hybrid,,,12,0.9281398007512657,0.7454545454545455,0.4562798092209857,0.5660749506903353,0.01783764106297779,5396,98,342,287,0.8223363194882928,0.5634996433759052,0.0
sen_only,123,hybrid,,,20,0.9230769230769231,0.7146739130434783,0.41812400635930047,0.5275827482447342,0.01911175828176192,5389,105,366,263,0.8195829183216494,0.5148994403137377,0.0
sen_only,123,hybrid,,,30,0.9136044422668627,0.6582278481012658,0.33068362480127184,0.4402116402116402,0.01965780851838369,5386,108,421,208,0.8135234101314746,0.4482880611965905,0.0
sen_only,123,hybrid,,,40,0.9023354564755839,0.562753036437247,0.22098569157392686,0.317351598173516,0.01965780851838369,5386,108,490,139,0.8217789836346978,0.4175579981650976,0.0
sen_only,123,hybrid,,,1,0.9234035603462355,0.7564102564102564,0.3751987281399046,0.5015940488841658,0.013833272661084818,5418,76,393,236,0.8114650872204567,0.48582340435214727,0.25
sen_only,123,hybrid,,,2,0.9279764821166095,0.7701149425287356,0.4260731319554849,0.548618219037871,0.014561339643247176,5414,80,361,268,0.8151878939476105,0.5617504743879634,0.25
sen_only,123,hybrid,,,3,0.9274865262126408,0.7620396600566572,0.4276629570747218,0.5478615071283096,0.015289406625409535,5410,84,360,269,0.81546048500373,0.5731757703735548,0.25
sen_only,123,hybrid,,,5,0.926833251674016,0.7563739376770539,0.424483306836248,0.5437881873727087,0.015653440116490714,5408,86,362,267,0.8151332021115101,0.5746275401101464,0.25
sen_only,123,hybrid,,,8,0.9274865262126408,0.7548209366391184,0.4356120826709062,0.5524193548387096,0.016199490353112484,5405,89,355,274,0.8114182085037992,0.5784031658433604,0.25
sen_only,123,hybrid,,,12,0.9271598889433285,0.7493188010899182,0.43720190779014306,0.5522088353413654,0.016745540589734254,5402,92,354,275,0.8084645599795817,0.5755064978717959,0.25
sen_only,123,hybrid,,,20,0.922260329903642,0.7217391304347827,0.3958664546899841,0.5112936344969199,0.017473607571896612,5398,96,380,249,0.8058651062034432,0.5315744700128076,0.25
sen_only,123,hybrid,,,30,0.9118079372856442,0.6459016393442623,0.31319554848966613,0.42184154175588867,0.01965780851838369,5386,108,432,197,0.8008369297797338,0.46922991850140156,0.25
sen_only,123,hybrid,,,40,0.9018455005716152,0.5573770491803278,0.21621621621621623,0.3115693012600229,0.01965780851838369,5386,108,493,136,0.8074048694832865,0.44610264766005503,0.25
sen_only,123,hybrid,,,1,0.9196472317491425,0.7490909090909091,0.3275039745627981,0.4557522123893805,0.01255915544230069,5425,69,423,206,0.8016373404604415,0.47013006052637846,0.5
sen_only,123,hybrid,,,2,0.924546790788829,0.7553516819571865,0.39268680445151033,0.5167364016736402,0.014561339643247176,5414,80,382,247,0.8043291047959241,0.5265312201309726,0.5
sen_only,123,hybrid,,,3,0.9242201535195166,0.746268656716418,0.397456279809221,0.5186721991701245,0.015471423370950125,5409,85,379,250,0.8049489456050625,0.5396623238100495,0.5
sen_only,123,hybrid,,,5,0.9235668789808917,0.746177370030581,0.38791732909379967,0.5104602510460251,0.015107389879868946,5411,83,385,244,0.8046057470991623,0.5481338415921919,0.5
sen_only,123,hybrid,,,8,0.9235668789808917,0.7492260061919505,0.3847376788553259,0.5084033613445378,0.014743356388787767,5413,81,387,242,0.8016564391968577,0.5451500730106092,0.5
sen_only,123,hybrid,,,12,0.9211170994610485,0.7267080745341615,0.37201907790143085,0.4921135646687697,0.016017473607571893,5406,88,395,234,0.7990399123078622,0.5588179712248542,0.5
sen_only,123,hybrid,,,20,0.9158909031520497,0.6838709677419355,0.3370429252782194,0.45154419595314166,0.01783764106297779,5396,98,417,212,0.7973201579060376,0.5260458892573087,0.5
sen_only,123,hybrid,,,30,0.9105013882083945,0.6363636363636364,0.3004769475357711,0.408207343412527,0.01965780851838369,5386,108,440,189,0.7917841287185384,0.4750253918178265,0.5
sen_only,123,hybrid,,,40,0.9015188633023028,0.5537190082644629,0.21303656597774245,0.3076923076923077,0.01965780851838369,5386,108,495,134,0.7974865484126924,0.4383102877032519,0.5
sen_only,123,hybrid,,,1,0.917687408133268,0.7413127413127413,0.3052464228934817,0.43243243243243246,0.012195121951219511,5427,67,437,192,0.7923692445523749,0.4499244062761078,0.75
sen_only,123,hybrid,,,2,0.921443736730361,0.7483221476510067,0.35453100158982515,0.4811218985976268,0.013651255915544228,5419,75,406,223,0.7945815148538975,0.4888269043629005,0.75
sen_only,123,hybrid,,,3,0.921443736730361,0.743421052631579,0.35930047694753575,0.4844587352625938,0.014197306152165997,5416,78,403,226,0.7955497629152312,0.503530221402469,0.75
sen_only,123,hybrid,,,5,0.9203005062877674,0.7326732673267327,0.35294117647058826,0.47639484978540775,0.014743356388787767,5413,81,407,222,0.7957077615528545,0.5138914209235464,0.75
sen_only,123,hybrid,,,8,0.9193205944798302,0.735191637630662,0.3354531001589825,0.4606986899563319,0.013833272661084818,5418,76,418,211,0.7936908192374048,0.5101719012076139,0.75
sen_only,123,hybrid,,,12,0.9189939572105177,0.7285223367697594,0.3370429252782194,0.4608695652173913,0.014379322897706586,5415,79,417,212,0.7914166227299271,0.5061877529922452,0.75
sen_only,123,hybrid,,,20,0.9132778049975502,0.6856060606060606,0.287758346581876,0.4053751399776036,0.015107389879868946,5411,83,448,181,0.7907860750534041,0.49348223434195143,0.75
sen_only,123,hybrid,,,30,0.9100114323044259,0.657258064516129,0.2591414944356121,0.3717217787913341,0.015471423370950125,5409,85,466,163,0.7854022570076448,0.4638110511055238,0.75
sen_only,123,hybrid,,,40,0.9057651478033644,0.6083333333333333,0.23211446740858505,0.33601841196777904,0.017109574080815433,5400,94,483,146,0.7901520548793509,0.42920013402849905,0.75
sen_only,123,hybrid,,,1,0.9142577168054875,0.7222222222222222,0.2686804451510334,0.39165701042873696,0.01183108846013833,5429,65,460,169,0.7873306506360748,0.4374323187118481,0.9
sen_only,123,hybrid,,,2,0.9209537808263923,0.7457627118644068,0.3497615262321145,0.47619047619047616,0.013651255915544228,5419,75,409,220,0.7895683859194854,0.47291161423683925,0.9
sen_only,123,hybrid,,,3,0.9212804180957047,0.7474747474747475,0.35294117647058826,0.4794816414686825,0.013651255915544228,5419,75,407,222,0.7905456045994387,0.48852674891812425,0.9
sen_only,123,hybrid,,,5,0.919973869018455,0.734006734006734,0.3465818759936407,0.4708423326133909,0.014379322897706586,5415,79,411,218,0.7908210894035,0.49853298823334735,0.9
sen_only,123,hybrid,,,8,0.9189939572105177,0.7366548042704626,0.32909379968203495,0.45494505494505494,0.013469239170003639,5420,74,422,207,0.7892648317603885,0.49492420776800194,0.9
sen_only,123,hybrid,,,12,0.9163808590560183,0.720754716981132,0.3036565977742448,0.4272930648769575,0.013469239170003639,5420,74,438,191,0.7874032837094145,0.4888213355201525,0.9
sen_only,123,hybrid,,,20,0.910828025477707,0.6666666666666666,0.26391096979332274,0.37813211845102507,0.015107389879868946,5411,83,463,166,0.7874701292868705,0.48053179158892284,0.9
sen_only,123,hybrid,,,30,0.9096847950351135,0.6610169491525424,0.2480127186009539,0.3606936416184971,0.014561339643247176,5414,80,473,156,0.7821748599281309,0.4453351480565575,0.9
sen_only,123,hybrid,,,40,0.9056018291687081,0.6143497757847534,0.2178060413354531,0.3215962441314554,0.015653440116490714,5408,86,492,137,0.7863650069478887,0.4215299136444412,0.9
sen_only,123,hybrid,,,1,0.9140943981708313,0.721030042918455,0.2670906200317965,0.38979118329466356,0.01183108846013833,5429,65,461,168,0.7838769624675105,0.4295721669486627,1.0
sen_only,123,hybrid,,,2,0.9206271435570799,0.7457044673539519,0.3449920508744038,0.4717391304347826,0.013469239170003639,5420,74,412,217,0.7862880332526364,0.463656231218917,1.0
sen_only,123,hybrid,,,3,0.9206271435570799,0.7440273037542662,0.3465818759936407,0.47288503253796094,0.013651255915544228,5419,75,411,218,0.7873008450322739,0.47987749715573436,1.0
sen_only,123,hybrid,,,5,0.919973869018455,0.735593220338983,0.3449920508744038,0.4696969696969697,0.014197306152165997,5416,78,412,217,0.7874614480430451,0.48892936070810494,1.0
sen_only,123,hybrid,,,8,0.9185040013065491,0.7338129496402878,0.32432432432432434,0.4498346196251378,0.013469239170003639,5420,74,425,204,0.7860831558983553,0.48554174280783813,1.0
sen_only,123,hybrid,,,12,0.9160542217867058,0.7237354085603113,0.2957074721780604,0.4198645598194131,0.012923188933381869,5423,71,443,186,0.7845818794661382,0.4784749720878405,1.0
sen_only,123,hybrid,,,20,0.910828025477707,0.6693877551020408,0.26073131955484896,0.37528604118993136,0.014743356388787767,5413,81,465,164,0.7853545101666047,0.47351544217560537,1.0
sen_only,123,hybrid,,,30,0.9095214764004573,0.6637554585152838,0.24165341812400637,0.3543123543123543,0.014015289406625407,5417,77,477,152,0.7802438619265532,0.4365248154800292,1.0
sen_only,123,hybrid,,,40,0.9056018291687081,0.6175115207373272,0.21303656597774245,0.31678486997635935,0.015107389879868946,5411,83,495,134,0.7841047004305317,0.4169648657907198,1.0
sen_only,2024,unsup,0.0,1.0,1,0.8954635108481263,0.48175182481751827,0.1045958795562599,0.171875,0.013020355767467446,5382,71,565,66,0.8485086358197684,0.5172614438596175,
sen_only,2024,unsup,0.0,1.0,2,0.9340894148586456,0.7994791666666666,0.4865293185419968,0.6049261083743842,0.014120667522464696,5376,77,324,307,0.8511204957622303,0.6070285877827784,
sen_only,2024,unsup,0.0,1.0,3,0.9372123602892833,0.801452784503632,0.5245641838351822,0.6340996168582376,0.015037593984962403,5371,82,300,331,0.850908338450781,0.6389084694482153,
sen_only,2024,unsup,0.0,1.0,5,0.9358974358974359,0.7960687960687961,0.5134706814580031,0.6242774566473989,0.015220979277461945,5370,83,307,324,0.8500085589490715,0.6337291422782056,
sen_only,2024,unsup,0.0,1.0,8,0.9339250493096647,0.7813267813267813,0.5039619651347068,0.6127167630057804,0.016321291032459193,5364,89,313,318,0.8470563754289283,0.62021412644552,
sen_only,2024,unsup,0.0,1.0,12,0.9299802761341223,0.7556109725685786,0.48019017432646594,0.5872093023255814,0.017971758664955068,5355,98,328,303,0.8436426770997689,0.5904683334396931,
sen_only,2024,unsup,0.0,1.0,20,0.9211045364891519,0.7046070460704607,0.4120443740095087,0.52,0.019988996882450025,5344,109,371,260,0.837268367083299,0.5476151243378604,
sen_only,2024,unsup,0.0,1.0,30,0.9132149901380671,0.660436137071651,0.3359746434231379,0.44537815126050423,0.019988996882450025,5344,109,419,212,0.8296344820150179,0.5090264177652977,
sen_only,2024,unsup,0.0,1.0,40,0.9072978303747534,0.6175438596491228,0.27892234548335976,0.38427947598253276,0.019988996882450025,5344,109,455,176,0.825821753564461,0.48144739252700247,
sen_only,2024,unsup,0.0,3.0,1,0.9071334648257725,0.6542056074766355,0.2218700475435816,0.33136094674556216,0.013570511644966072,5379,74,491,140,0.8550279684368045,0.5320920436402579,
sen_only,2024,unsup,0.0,3.0,2,0.9094345825115056,0.65625,0.2662440570522979,0.3788049605411499,0.016137905739959654,5365,88,463,168,0.8578615763636992,0.5813788190463116,
sen_only,2024,unsup,0.0,3.0,3,0.9238987508218277,0.7413793103448276,0.40887480190174325,0.5270684371807968,0.016504676324958736,5363,90,373,258,0.8582533408237458,0.5905023043276973,
sen_only,2024,unsup,0.0,3.0,5,0.9350756081525312,0.785024154589372,0.5150554675118859,0.6220095693779905,0.016321291032459193,5364,89,306,325,0.8587613558654086,0.604999222422008,
sen_only,2024,unsup,0.0,3.0,8,0.938198553583169,0.7944572748267898,0.5451664025356577,0.6466165413533834,0.016321291032459193,5364,89,287,344,0.8561634459927407,0.5945610085076334,
sen_only,2024,unsup,0.0,3.0,12,0.9327744904667982,0.7655502392344498,0.5071315372424723,0.6101048617731173,0.017971758664955068,5355,98,311,320,0.8505956243862333,0.5607972237085388,
sen_only,2024,unsup,0.0,3.0,20,0.9199539776462854,0.6988950276243094,0.4009508716323296,0.5095669687814703,0.019988996882450025,5344,109,378,253,0.8419930813466351,0.5063584603970523,
sen_only,2024,unsup,0.0,3.0,30,0.903353057199211,0.5823754789272031,0.24088748019017434,0.34080717488789236,0.019988996882450025,5344,109,479,152,0.8337808496348134,0.461484681138428,
sen_only,2024,unsup,0.0,3.0,40,0.9000657462195923,0.5477178423236515,0.2091917591125198,0.30275229357798167,0.019988996882450025,5344,109,499,132,0.8293859963968132,0.4401196746807637,
sen_only,2024,unsup,0.0,5.0,1,0.908284023668639,0.6622222222222223,0.23613312202852615,0.34813084112149534,0.013937282229965155,5377,76,482,149,0.858628830202366,0.5447091126238679,
sen_only,2024,unsup,0.0,5.0,2,0.9107495069033531,0.6654135338345865,0.2805071315372425,0.39464882943143814,0.016321291032459193,5364,89,454,177,0.8615542760887376,0.5782340690444685,
sen_only,2024,unsup,0.0,5.0,3,0.9102564102564102,0.6591760299625468,0.27892234548335976,0.39198218262806234,0.016688061617458276,5362,91,455,176,0.8621561634750554,0.5874433448054632,
sen_only,2024,unsup,0.0,5.0,5,0.9217619986850756,0.7327327327327328,0.3866877971473851,0.5062240663900415,0.016321291032459193,5364,89,387,244,0.862390408397012,0.5973571282825594,
sen_only,2024,unsup,0.0,5.0,8,0.9391847468770546,0.7945823927765236,0.5578446909667195,0.6554934823091247,0.016688061617458276,5362,91,279,352,0.8599758838168436,0.5882766534529158,
sen_only,2024,unsup,0.0,5.0,12,0.9337606837606838,0.7676056338028169,0.5182250396196514,0.618732261116367,0.01815514395745461,5354,99,304,327,0.8537884466103219,0.5534545783069557,
sen_only,2024,unsup,0.0,5.0,20,0.9114069690992768,0.6483870967741936,0.3185419968304279,0.42720510095642933,0.019988996882450025,5344,109,430,201,0.843816181092831,0.4961086901898433,
sen_only,2024,unsup,0.0,5.0,30,0.8956278763971072,0.49065420560747663,0.1664025356576862,0.2485207100591716,0.019988996882450025,5344,109,526,105,0.8352775758731218,0.4495395449244591,
sen_only,2024,unsup,0.0,5.0,40,0.8944773175542406,0.47342995169082125,0.15530903328050713,0.23389021479713604,0.019988996882450025,5344,109,533,98,0.8308606350246145,0.42714401151941084,
sen_only,2024,unsup,0.0,10.0,1,0.9071334648257725,0.6460176991150443,0.23137876386687797,0.34072345390898484,0.01467082339996332,5373,80,485,146,0.8635471016840932,0.5595131931807673,
sen_only,2024,unsup,0.0,10.0,2,0.9132149901380671,0.6832740213523132,0.30427892234548337,0.42105263157894735,0.016321291032459193,5364,89,439,192,0.8666291952291925,0.5865117885694645,
sen_only,2024,unsup,0.0,10.0,3,0.9153517422748192,0.6959459459459459,0.3264659270998415,0.4444444444444444,0.016504676324958736,5363,90,425,206,0.8670267722183199,0.5907096090014948,
sen_only,2024,unsup,0.0,10.0,5,0.9161735700197239,0.7050847457627119,0.329635499207607,0.44924406047516197,0.01595452044746011,5366,87,423,208,0.866999743958094,0.593923222376077,
sen_only,2024,unsup,0.0,10.0,8,0.9199539776462854,0.7181818181818181,0.375594294770206,0.49323621227887615,0.01705483220245736,5360,93,394,237,0.864637822766107,0.5856086871378502,
sen_only,2024,unsup,0.0,10.0,12,0.9130506245890861,0.67,0.3185419968304279,0.4317937701396348,0.01815514395745461,5354,99,430,201,0.8585733205496444,0.5546859910273514,
sen_only,2024,unsup,0.0,10.0,20,0.9041748849441157,0.5902255639097744,0.24881141045958796,0.3500557413600892,0.019988996882450025,5344,109,474,157,0.8481064088073766,0.4914574292763075,
sen_only,2024,unsup,0.0,10.0,30,0.898586456278764,0.5301724137931034,0.1949286846275753,0.2850521436848204,0.019988996882450025,5344,109,508,123,0.8383948352191599,0.44179085148234654,
sen_only,2024,unsup,0.0,10.0,40,0.8929980276134122,0.4494949494949495,0.1410459587955626,0.2147165259348613,0.019988996882450025,5344,109,542,89,0.8343153116837937,0.4188176032715188,
sen_only,2024,unsup,0.0,20.0,1,0.9114069690992768,0.6742424242424242,0.2820919175911252,0.39776536312849164,0.01577113515496057,5367,86,453,178,0.8691184108080492,0.5704427785999797,
sen_only,2024,unsup,0.0,20.0,2,0.9161735700197239,0.7050847457627119,0.329635499207607,0.44924406047516197,0.01595452044746011,5366,87,423,208,0.8718805246272497,0.5940129334232531,
sen_only,2024,unsup,0.0,20.0,3,0.9173241288625904,0.7119205298013245,0.34072900158478603,0.4608788853161844,0.01595452044746011,5366,87,416,215,0.872319661199305,0.5962567737494604,
sen_only,2024,unsup,0.0,20.0,5,0.9166666666666666,0.7066666666666667,0.3359746434231379,0.45542427497314714,0.016137905739959654,5365,88,419,212,0.8720421129356962,0.5967299177300354,
sen_only,2024,unsup,0.0,20.0,8,0.9184746877054569,0.7089783281733746,0.3629160063391442,0.480083857442348,0.017238217494956902,5359,94,402,229,0.8697691234386458,0.5868113836986671,
sen_only,2024,unsup,0.0,20.0,12,0.9130506245890861,0.67,0.3185419968304279,0.4317937701396348,0.01815514395745461,5354,99,430,201,0.8641946174236953,0.5575087074577072,
sen_only,2024,unsup,0.0,20.0,20,0.9041748849441157,0.5902255639097744,0.24881141045958796,0.3500557413600892,0.019988996882450025,5344,109,474,157,0.8530354334679031,0.4929567744694295,
sen_only,2024,unsup,0.0,20.0,30,0.8976002629848784,0.5176991150442478,0.18541996830427893,0.27304550758459745,0.019988996882450025,5344,109,514,117,0.8435923987232199,0.44323718539564694,
sen_only,2024,unsup,0.0,20.0,40,0.8952991452991453,0.4858490566037736,0.16323296354992076,0.2443653618030842,0.019988996882450025,5344,109,528,103,0.8402964041079468,0.4197275679295843,
sen_only,2024,semisup,,,1,0.9105851413543721,0.6733067729083665,0.26782884310618066,0.3832199546485261,0.015037593984962403,5371,82,462,169,0.8667666615419536,0.5586513464965147,
sen_only,2024,semisup,,,2,0.913379355687048,0.6925925925925925,0.29635499207606975,0.41509433962264153,0.015220979277461945,5370,83,444,187,0.8700449279435302,0.5801225874146619,
sen_only,2024,semisup,,,3,0.9143655489809336,0.6950354609929078,0.31061806656101426,0.4293537787513691,0.01577113515496057,5367,86,435,196,0.8706819811307869,0.5853956152608917,
sen_only,2024,semisup,,,5,0.9150230111768574,0.6979166666666666,0.3185419968304279,0.43743199129488575,0.01595452044746011,5366,87,430,201,0.8705273678572374,0.5856285743693734,
sen_only,2024,semisup,,,8,0.9150230111768574,0.6912751677852349,0.3264659270998415,0.4434876210979548,0.01687144690995782,5361,92,425,206,0.8682982629547468,0.5733531553617296,
sen_only,2024,semisup,,,12,0.9119000657462196,0.6610169491525424,0.3090332805071315,0.42116630669546434,0.01833852924995415,5353,100,436,195,0.864229201971726,0.551782496990523,
sen_only,2024,semisup,,,20,0.9028599605522682,0.5775193798449613,0.23613312202852615,0.33520809898762655,0.019988996882450025,5344,109,482,149,0.8549660650020939,0.4962478277123213,
sen_only,2024,semisup,,,30,0.898586456278764,0.5301724137931034,0.1949286846275753,0.2850521436848204,0.019988996882450025,5344,109,508,123,0.8464835506880145,0.44217737682776254,
sen_only,2024,semisup,,,40,0.8972715318869166,0.5133928571428571,0.18225039619651348,0.26900584795321636,0.019988996882450025,5344,109,516,115,0.844168420355128,0.4211429000392734,
sen_only,2024,hybrid,,,1,0.8954635108481263,0.48175182481751827,0.1045958795562599,0.171875,0.013020355767467446,5382,71,565,66,0.8485086358197684,0.5172614438596175,0.0
sen_only,2024,hybrid,,,2,0.9340894148586456,0.7994791666666666,0.4865293185419968,0.6049261083743842,0.014120667522464696,5376,77,324,307,0.8511204957622303,0.6070285877827784,0.0
sen_only,2024,hybrid,,,3,0.9372123602892833,0.801452784503632,0.5245641838351822,0.6340996168582376,0.015037593984962403,5371,82,300,331,0.850908338450781,0.6389084694482153,0.0
sen_only,2024,hybrid,,,5,0.9358974358974359,0.7960687960687961,0.5134706814580031,0.6242774566473989,0.015220979277461945,5370,83,307,324,0.8500085589490715,0.6337291422782056,0.0
sen_only,2024,hybrid,,,8,0.9339250493096647,0.7813267813267813,0.5039619651347068,0.6127167630057804,0.016321291032459193,5364,89,313,318,0.8470563754289283,0.62021412644552,0.0
sen_only,2024,hybrid,,,12,0.9299802761341223,0.7556109725685786,0.48019017432646594,0.5872093023255814,0.017971758664955068,5355,98,328,303,0.8436426770997689,0.5904683334396931,0.0
sen_only,2024,hybrid,,,20,0.9211045364891519,0.7046070460704607,0.4120443740095087,0.52,0.019988996882450025,5344,109,371,260,0.837268367083299,0.5476151243378604,0.0
sen_only,2024,hybrid,,,30,0.9132149901380671,0.660436137071651,0.3359746434231379,0.44537815126050423,0.019988996882450025,5344,109,419,212,0.8296344820150179,0.5090264177652977,0.0
sen_only,2024,hybrid,,,40,0.9072978303747534,0.6175438596491228,0.27892234548335976,0.38427947598253276,0.019988996882450025,5344,109,455,176,0.825821753564461,0.48144739252700247,0.0
sen_only,2024,hybrid,,,1,0.905982905982906,0.6439024390243903,0.2091917591125198,0.3157894736842105,0.013387126352466529,5380,73,499,132,0.8561160738807322,0.5662420009196124,0.25
sen_only,2024,hybrid,,,2,0.9373767258382643,0.7990430622009569,0.5293185419968305,0.6367969494756911,0.015404364569961486,5369,84,297,334,0.8580118302404381,0.6181955861319315,0.25
sen_only,2024,hybrid,,,3,0.9368836291913215,0.7961630695443646,0.526148969889065,0.6335877862595419,0.015587749862461028,5368,85,299,332,0.8582405532597679,0.6403458747573213,0.25
sen_only,2024,hybrid,,,5,0.935733070348455,0.7926829268292683,0.5150554675118859,0.6243996157540826,0.015587749862461028,5368,85,306,325,0.8576026281931491,0.6377006371465489,0.25
sen_only,2024,hybrid,,,8,0.9349112426035503,0.7817745803357314,0.5166402535657686,0.6221374045801527,0.016688061617458276,5362,91,305,326,0.8545400066204707,0.6182312051044392,0.25
sen_only,2024,hybrid,,,12,0.9294871794871795,0.7537688442211056,0.4754358161648177,0.5830903790087464,0.017971758664955068,5355,98,331,300,0.8506860092134398,0.5870312467103107,0.25
sen_only,2024,hybrid,,,20,0.9214332675871137,0.706199460916442,0.4152139461172742,0.5229540918163673,0.019988996882450025,5344,109,369,262,0.8434180228507955,0.526723836899377,0.25
sen_only,2024,hybrid,,,30,0.9117357001972387,0.6506410256410257,0.32171156893819336,0.4305408271474019,0.019988996882450025,5344,109,428,203,0.8369568155245676,0.4916281778075611,0.25
sen_only,2024,hybrid,,,40,0.90844838921762,0.6267123287671232,0.2900158478605388,0.39653304442036835,0.019988996882450025,5344,109,448,183,0.8333623475409949,0.4622679689446021,0.25
sen_only,2024,hybrid,,,1,0.9069690992767916,0.6484018264840182,0.22503961965134706,0.3341176470588235,0.014120667522464696,5376,77,489,142,0.8621994668167074,0.5783848729866947,0.5
sen_only,2024,hybrid,,,2,0.9365548980933597,0.800982800982801,0.5166402535657686,0.628131021194605,0.014854208692462862,5372,81,305,326,0.8640001883259423,0.6133899368619639,0.5
sen_only,2024,hybrid,,,3,0.9367192636423406,0.7928571428571428,0.5277337559429477,0.6336822074215034,0.01595452044746011,5366,87,298,333,0.8642152519019322,0.6207012182180731,0.5
sen_only,2024,hybrid,,,5,0.9370479947403024,0.7924528301886793,0.5324881141045958,0.6369668246445498,0.016137905739959654,5365,88,295,336,0.8641472453116867,0.6309441527223945,0.5
sen_only,2024,hybrid,,,8,0.9390203813280736,0.7927927927927928,0.5578446909667195,0.6548837209302325,0.01687144690995782,5361,92,279,352,0.8613610094968007,0.6091287428115237,0.5
sen_only,2024,hybrid,,,12,0.9340894148586456,0.7686915887850467,0.5213946117274167,0.6213408876298395,0.01815514395745461,5354,99,302,329,0.8571515759364784,0.5774267441695177,0.5
sen_only,2024,hybrid,,,20,0.923241288625904,0.7146596858638743,0.4326465927099842,0.5389930898321816,0.019988996882450025,5344,109,358,273,0.8491529546683763,0.5165190487350146,0.5
sen_only,2024,hybrid,,,30,0.9102564102564102,0.6402640264026402,0.3074484944532488,0.41541755888650966,0.019988996882450025,5344,109,437,194,0.8421494383789089,0.46853926933210177,0.5
sen_only,2024,hybrid,,,40,0.9076265614727154,0.6202090592334495,0.2820919175911252,0.3877995642701525,0.019988996882450025,5344,109,453,178,0.83978809843983,0.45421377982930145,0.5
sen_only,2024,hybrid,,,1,0.9064760026298487,0.6336206896551724,0.2329635499207607,0.3406720741599073,0.015587749862461028,5368,85,484,147,0.8657320313655694,0.5725754260884085,0.75
sen_only,2024,hybrid,,,2,0.9127218934911243,0.6879699248120301,0.2900158478605388,0.4080267558528428,0.015220979277461945,5370,83,448,183,0.8679178329264079,0.5987634086496131,0.75
sen_only,2024,hybrid,,,3,0.9258711374095989,0.7571428571428571,0.41996830427892234,0.5402650356778798,0.015587749862461028,5368,85,366,265,0.8687315869977212,0.6106338708914238,0.75
sen_only,2024,hybrid,,,5,0.9289940828402367,0.7653333333333333,0.4548335974643423,0.5705765407554672,0.016137905739959654,5365,88,344,287,0.8688184843074792,0.6138822482119898,0.75
sen_only,2024,hybrid,,,8,0.9375410913872453,0.7871853546910755,0.5451664025356577,0.6441947565543071,0.01705483220245736,5360,93,287,344,0.8671255852126936,0.6027218483031742,0.75
sen_only,2024,hybrid,,,12,0.9299802761341223,0.7530864197530864,0.48335974643423135,0.5888030888030888,0.01833852924995415,5353,100,326,305,0.8623787833388504,0.5692314158953827,0.75
sen_only,2024,hybrid,,,20,0.9150230111768574,0.6716867469879518,0.35340729001584786,0.46313603322949115,0.019988996882450025,5344,109,408,223,0.8533501819176289,0.5078948719463955,0.75
sen_only,2024,hybrid,,,30,0.8929980276134122,0.4494949494949495,0.1410459587955626,0.2147165259348613,0.019988996882450025,5344,109,542,89,0.8458101691940029,0.45526495500582903,0.75
sen_only,2024,hybrid,,,40,0.8929980276134122,0.4494949494949495,0.1410459587955626,0.2147165259348613,0.019988996882450025,5344,109,542,89,0.8433721038710571,0.43568038939263004,0.75
sen_only,2024,hybrid,,,1,0.9079552925706772,0.6497890295358649,0.24405705229793978,0.3548387096774194,0.015220979277461945,5370,83,477,154,0.8670886756530304,0.5664892874409586,0.9
sen_only,2024,hybrid,,,2,0.9148586456278764,0.703971119133574,0.3090332805071315,0.42951541850220265,0.015037593984962403,5371,82,436,195,0.8696508384718512,0.589262454245384,0.9
sen_only,2024,hybrid,,,3,0.9153517422748192,0.7013888888888888,0.3201267828843106,0.4396082698585419,0.01577113515496057,5367,86,429,202,0.8704416330532954,0.5972493471835338,0.9
sen_only,2024,hybrid,,,5,0.9161735700197239,0.7023411371237458,0.3328050713153724,0.45161290322580644,0.016321291032459193,5364,89,421,210,0.8703951328206488,0.5998641001271525,0.9
sen_only,2024,hybrid,,,8,0.92077580539119,0.7197640117994101,0.3866877971473851,0.5030927835051546,0.01742160278745644,5358,95,387,244,0.8685406454174166,0.5895250211624041,0.9
sen_only,2024,hybrid,,,12,0.9174884944115713,0.6972477064220184,0.3613312202852615,0.4759916492693111,0.01815514395745461,5354,99,403,228,0.8640737168188145,0.5644536052950685,0.9
sen_only,2024,hybrid,,,20,0.9040105193951348,0.5886792452830188,0.24722662440570523,0.3482142857142857,0.019988996882450025,5344,109,475,156,0.8548047673201015,0.5045646082528202,0.9
sen_only,2024,hybrid,,,30,0.8969428007889546,0.509009009009009,0.179080824088748,0.264947245017585,0.019988996882450025,5344,109,518,113,0.8468430556116626,0.4497850912316236,0.9
sen_only,2024,hybrid,,,40,0.8961209730440499,0.4976958525345622,0.17115689381933438,0.25471698113207547,0.019988996882450025,5344,109,523,108,0.8442088174322397,0.4265747573419359,0.9
sen_only,2024,hybrid,,,1,0.9105851413543721,0.6733067729083665,0.26782884310618066,0.3832199546485261,0.015037593984962403,5371,82,462,169,0.8667666615419536,0.5586513464965147,1.0
sen_only,2024,hybrid,,,2,0.913379355687048,0.6925925925925925,0.29635499207606975,0.41509433962264153,0.015220979277461945,5370,83,444,187,0.8700449279435302,0.5801225874146619,1.0
sen_only,2024,hybrid,,,3,0.9143655489809336,0.6950354609929078,0.31061806656101426,0.4293537787513691,0.01577113515496057,5367,86,435,196,0.8706819811307869,0.5853956152608917,1.0
sen_only,2024,hybrid,,,5,0.9150230111768574,0.6979166666666666,0.3185419968304279,0.43743199129488575,0.01595452044746011,5366,87,430,201,0.8705273678572374,0.5856285743693734,1.0
sen_only,2024,hybrid,,,8,0.9150230111768574,0.6912751677852349,0.3264659270998415,0.4434876210979548,0.01687144690995782,5361,92,425,206,0.8682982629547468,0.5733531553617296,1.0
sen_only,2024,hybrid,,,12,0.9119000657462196,0.6610169491525424,0.3090332805071315,0.42116630669546434,0.01833852924995415,5353,100,436,195,0.864229201971726,0.551782496990523,1.0
sen_only,2024,hybrid,,,20,0.9028599605522682,0.5775193798449613,0.23613312202852615,0.33520809898762655,0.019988996882450025,5344,109,482,149,0.8549660650020939,0.4962478277123213,1.0
sen_only,2024,hybrid,,,30,0.898586456278764,0.5301724137931034,0.1949286846275753,0.2850521436848204,0.019988996882450025,5344,109,508,123,0.8464835506880145,0.44217737682776254,1.0
sen_only,2024,hybrid,,,40,0.8972715318869166,0.5133928571428571,0.18225039619651348,0.26900584795321636,0.019988996882450025,5344,109,516,115,0.844168420355128,0.4211429000392734,1.0
sen_only,31337,unsup,0.0,1.0,1,0.8970443349753695,0.0,0.0,0.0,0.0,5463,0,627,0,0.83183463292715,0.6311767635455647,
sen_only,31337,unsup,0.0,1.0,2,0.8970443349753695,0.0,0.0,0.0,0.0,5463,0,627,0,0.833868030867944,0.6812132273253378,
sen_only,31337,unsup,0.0,1.0,3,0.8970443349753695,0.0,0.0,0.0,0.0,5463,0,627,0,0.8340081645379486,0.6885248262351619,
sen_only,31337,unsup,0.0,1.0,5,0.8970443349753695,0.0,0.0,0.0,0.0,5463,0,627,0,0.8347879500224945,0.6883618672238415,
sen_only,31337,unsup,0.0,1.0,8,0.8970443349753695,0.0,0.0,0.0,0.0,5463,0,627,0,0.8356500640381678,0.673077723999571,
sen_only,31337,unsup,0.0,1.0,12,0.8970443349753695,0.0,0.0,0.0,0.0,5463,0,627,0,0.8377038981391708,0.6444488423909381,
sen_only,31337,unsup,0.0,1.0,20,0.8983579638752053,1.0,0.012759170653907496,0.025196850393700787,0.0,5463,0,619,8,0.8454287666981675,0.5831429417085143,
sen_only,31337,unsup,0.0,1.0,30,0.8970443349753695,0.0,0.0,0.0,0.0,5463,0,627,0,0.8563664915871626,0.506209740837409,
sen_only,31337,unsup,0.0,1.0,40,0.8970443349753695,0.0,0.0,0.0,0.0,5463,0,627,0,0.8673731155305768,0.4652360883974445,
sen_only,31337,unsup,0.0,3.0,1,0.9078817733990148,0.9852941176470589,0.10685805422647528,0.19280575539568345,0.0001830496064433461,5462,1,560,67,0.8362041759249772,0.6696276574405078,
sen_only,31337,unsup,0.0,3.0,2,0.9082101806239737,1.0,0.10845295055821372,0.19568345323741007,0.0,5463,0,559,68,0.8356316714939797,0.6843289619195976,
sen_only,31337,unsup,0.0,3.0,3,0.9080459770114943,1.0,0.10685805422647528,0.1930835734870317,0.0,5463,0,560,67,0.8351047105057336,0.6842536248250749,
sen_only,31337,unsup,0.0,3.0,5,0.9075533661740558,1.0,0.10207336523125997,0.18523878437047755,0.0,5463,0,563,64,0.8353519880442624,0.6794107207971509,
sen_only,31337,unsup,0.0,3.0,8,0.90623973727422,1.0,0.08931419457735247,0.16398243045387995,0.0,5463,0,571,56,0.8361557130307673,0.6616592510204612,
sen_only,31337,unsup,0.0,3.0,12,0.9047619047619048,1.0,0.07496012759170653,0.1394658753709199,0.0,5463,0,580,47,0.8385306867921972,0.6339463927440243,
sen_only,31337,unsup,0.0,3.0,20,0.9026272577996716,1.0,0.05422647527910686,0.10287443267776097,0.0,5463,0,593,34,0.8450518655148845,0.5740296957360136,
sen_only,31337,unsup,0.0,3.0,30,0.8995073891625616,1.0,0.023923444976076555,0.04672897196261682,0.0,5463,0,612,15,0.8533793088549008,0.5017523858126105,
sen_only,31337,unsup,0.0,3.0,40,0.8973727422003284,0.75,0.004784688995215311,0.009508716323296355,0.0001830496064433461,5462,1,624,3,0.862772935867534,0.4664930291615789,
sen_only,31337,unsup,0.0,5.0,1,0.9082101806239737,0.9857142857142858,0.11004784688995216,0.19799139167862267,0.0001830496064433461,5462,1,558,69,0.8392125246803128,0.6715615895453172,
sen_only,31337,unsup,0.0,5.0,2,0.9083743842364532,1.0,0.11004784688995216,0.19827586206896552,0.0,5463,0,558,69,0.83908946980134,0.6802586336442856,
sen_only,31337,unsup,0.0,5.0,3,0.9082101806239737,1.0,0.10845295055821372,0.19568345323741007,0.0,5463,0,559,68,0.839002178202733,0.6790264410500835,
sen_only,31337,unsup,0.0,5.0,5,0.9075533661740558,0.9848484848484849,0.10366826156299841,0.18759018759018758,0.0001830496064433461,5462,1,562,65,0.8393968880399124,0.6724390263569936,
sen_only,31337,unsup,0.0,5.0,8,0.9067323481116585,1.0,0.09409888357256778,0.17201166180758018,0.0,5463,0,568,59,0.840030409006391,0.6555033174942926,
sen_only,31337,unsup,0.0,5.0,12,0.9014778325123153,1.0,0.0430622009569378,0.08256880733944955,0.0,5463,0,600,27,0.8417747812528009,0.628608962596225,
sen_only,31337,unsup,0.0,5.0,20,0.900328407224959,1.0,0.03189792663476874,0.061823802163833076,0.0,5463,0,607,20,0.846812294744316,0.570172168874723,
sen_only,31337,unsup,0.0,5.0,30,0.8988505747126436,1.0,0.017543859649122806,0.034482758620689655,0.0,5463,0,616,11,0.8542498892798034,0.5006404353870173,
sen_only,31337,unsup,0.0,5.0,40,0.8973727422003284,1.0,0.003189792663476874,0.006359300476947536,0.0,5463,0,625,2,0.8630961191439819,0.4665448791482373,
sen_only,31337,unsup,0.0,10.0,1,0.9082101806239737,0.9857142857142858,0.11004784688995216,0.19799139167862267,0.0001830496064433461,5462,1,558,69,0.8497743701940356,0.6715378636847655,
sen_only,31337,unsup,0.0,10.0,2,0.9085385878489327,1.0,0.11164274322169059,0.20086083213773315,0.0,5463,0,557,70,0.8512285489654778,0.676323824967502,
sen_only,31337,unsup,0.0,10.0,3,0.9082101806239737,0.9857142857142858,0.11004784688995216,0.19799139167862267,0.0001830496064433461,5462,1,558,69,0.8516906981313468,0.675107510080858,
sen_only,31337,unsup,0.0,10.0,5,0.9075533661740558,0.9848484848484849,0.10366826156299841,0.18759018759018758,0.0001830496064433461,5462,1,562,65,0.8517768219493703,0.6679832800246522,
sen_only,31337,unsup,0.0,10.0,8,0.906568144499179,0.9833333333333333,0.09409888357256778,0.1717612809315866,0.0001830496064433461,5462,1,568,59,0.8499180072057901,0.6517275910465454,
sen_only,31337,unsup,0.0,10.0,12,0.9050903119868637,1.0,0.07814992025518341,0.14497041420118342,0.0,5463,0,578,49,0.8497378770508053,0.6250196887178502,
sen_only,31337,unsup,0.0,10.0,20,0.8970443349753695,0.0,0.0,0.0,0.0,5463,0,627,0,0.8536651231526805,0.5692120878858986,
sen_only,31337,unsup,0.0,10.0,30,0.8970443349753695,0.0,0.0,0.0,0.0,5463,0,627,0,0.8586874554966119,0.5037361918529895,
sen_only,31337,unsup,0.0,10.0,40,0.8970443349753695,0.0,0.0,0.0,0.0,5463,0,627,0,0.8661422747957039,0.4702109244355804,
sen_only,31337,unsup,0.0,20.0,1,0.9101806239737275,0.9651162790697675,0.13237639553429026,0.23281907433380084,0.0005491488193300383,5460,3,544,83,0.8707021660286207,0.6731580480436518,
sen_only,31337,unsup,0.0,20.0,2,0.910016420361248,0.9647058823529412,0.13078149920255183,0.2303370786516854,0.0005491488193300383,5460,3,545,82,0.8739132706877439,0.6773309255387933,
sen_only,31337,unsup,0.0,20.0,3,0.9098522167487685,0.975609756097561,0.12759170653907495,0.22566995768688294,0.0003660992128866922,5461,2,547,80,0.8737398552711133,0.6754183605768662,
sen_only,31337,unsup,0.0,20.0,5,0.9073891625615763,0.9701492537313433,0.10366826156299841,0.1873198847262248,0.0003660992128866922,5461,2,562,65,0.8730891095410303,0.6685495024783135,
sen_only,31337,unsup,0.0,20.0,8,0.906568144499179,0.9833333333333333,0.09409888357256778,0.1717612809315866,0.0001830496064433461,5462,1,568,59,0.8699410650334087,0.6527824163149113,
sen_only,31337,unsup,0.0,20.0,12,0.9050903119868637,0.9803921568627451,0.07974481658692185,0.14749262536873156,0.0001830496064433461,5462,1,577,50,0.8679018281896977,0.6269589288144943,
sen_only,31337,unsup,0.0,20.0,20,0.9026272577996716,0.925,0.05901116427432217,0.11094452773613193,0.0005491488193300383,5460,3,590,37,0.8687890494879137,0.5720228857294684,
sen_only,31337,unsup,0.0,20.0,30,0.8995073891625616,0.8260869565217391,0.030303030303030304,0.05846153846153846,0.0007321984257733844,5459,4,608,19,0.8737719692371559,0.5111855612923694,
sen_only,31337,unsup,0.0,20.0,40,0.8977011494252873,0.6666666666666666,0.012759170653907496,0.025039123630672927,0.0007321984257733844,5459,4,619,8,0.8809573231666357,0.4807296094289175,
sen_only,31337,semisup,,,1,0.896551724137931,0.46153846153846156,0.028708133971291867,0.05405405405405406,0.0038440417353102683,5442,21,609,18,0.562891261235144,0.27962729218124904,
sen_only,31337,semisup,,,2,0.8940886699507389,0.25,0.014354066985645933,0.027149321266968326,0.004942339373970345,5436,27,618,9,0.5582653903992671,0.28085369021225987,
sen_only,31337,semisup,,,3,0.893431855500821,0.15625,0.007974481658692184,0.015174506828528073,0.004942339373970345,5436,27,622,5,0.5597093510906048,0.2850130242986055,
sen_only,31337,semisup,,,5,0.893431855500821,0.10714285714285714,0.004784688995215311,0.00916030534351145,0.004576240161083653,5438,25,624,3,0.5576447150192057,0.28639308271703406,
sen_only,31337,semisup,,,8,0.8931034482758621,0.0,0.0,0.0,0.004393190554640307,5439,24,627,0,0.5549859705760165,0.2871220886587573,
sen_only,31337,semisup,,,12,0.8932676518883416,0.0,0.0,0.0,0.00421014094819696,5440,23,627,0,0.5508742151419685,0.2855338023110294,
sen_only,31337,semisup,,,20,0.8950738916256158,0.3,0.014354066985645933,0.0273972602739726,0.0038440417353102683,5442,21,618,9,0.540777876163292,0.2710448384270889,
sen_only,31337,semisup,,,30,0.8986863711001642,0.6923076923076923,0.028708133971291867,0.055130168453292494,0.0014643968515467688,5455,8,609,18,0.5316659762163968,0.2530443408082909,
sen_only,31337,semisup,,,40,0.8973727422003284,0.5625,0.014354066985645933,0.027993779160186624,0.0012813472451034228,5456,7,618,9,0.542223296580359,0.2345471672543575,
sen_only,31337,hybrid,,,1,0.8970443349753695,0.0,0.0,0.0,0.0,5463,0,627,0,0.83183463292715,0.6311767635455647,0.0
sen_only,31337,hybrid,,,2,0.8970443349753695,0.0,0.0,0.0,0.0,5463,0,627,0,0.833868030867944,0.6812132273253378,0.0
sen_only,31337,hybrid,,,3,0.8970443349753695,0.0,0.0,0.0,0.0,5463,0,627,0,0.8340081645379486,0.6885248262351619,0.0
sen_only,31337,hybrid,,,5,0.8970443349753695,0.0,0.0,0.0,0.0,5463,0,627,0,0.8347879500224945,0.6883618672238415,0.0
sen_only,31337,hybrid,,,8,0.8970443349753695,0.0,0.0,0.0,0.0,5463,0,627,0,0.8356500640381678,0.673077723999571,0.0
sen_only,31337,hybrid,,,12,0.8970443349753695,0.0,0.0,0.0,0.0,5463,0,627,0,0.8377038981391708,0.6444488423909381,0.0
sen_only,31337,hybrid,,,20,0.8983579638752053,1.0,0.012759170653907496,0.025196850393700787,0.0,5463,0,619,8,0.8454287666981675,0.5831429417085143,0.0
sen_only,31337,hybrid,,,30,0.8970443349753695,0.0,0.0,0.0,0.0,5463,0,627,0,0.8563664915871626,0.506209740837409,0.0
sen_only,31337,hybrid,,,40,0.8970443349753695,0.0,0.0,0.0,0.0,5463,0,627,0,0.8673731155305768,0.4652360883974445,0.0
sen_only,31337,hybrid,,,1,0.8973727422003284,1.0,0.003189792663476874,0.006359300476947536,0.0,5463,0,625,2,0.794168746045968,0.640020820534798,0.25
sen_only,31337,hybrid,,,2,0.8972085385878489,1.0,0.001594896331738437,0.0031847133757961785,0.0,5463,0,626,1,0.7936382817159718,0.676455835264069,0.25
sen_only,31337,hybrid,,,3,0.8970443349753695,0.0,0.0,0.0,0.0,5463,0,627,0,0.792274313994595,0.6781530644508287,0.25
sen_only,31337,hybrid,,,5,0.8970443349753695,0.0,0.0,0.0,0.0,5463,0,627,0,0.7924579474913299,0.6749287698108577,0.25
sen_only,31337,hybrid,,,8,0.8970443349753695,0.0,0.0,0.0,0.0,5463,0,627,0,0.7917999031326006,0.6585168841843454,0.25
sen_only,31337,hybrid,,,12,0.8970443349753695,0.0,0.0,0.0,0.0,5463,0,627,0,0.7955446835183244,0.6288678322903377,0.25
sen_only,31337,hybrid,,,20,0.8970443349753695,0.0,0.0,0.0,0.0,5463,0,627,0,0.8063212546868145,0.567049565629307,0.25
sen_only,31337,hybrid,,,30,0.8970443349753695,0.0,0.0,0.0,0.0,5463,0,627,0,0.8184635452475564,0.47890744106261807,0.25
sen_only,31337,hybrid,,,40,0.8970443349753695,0.0,0.0,0.0,0.0,5463,0,627,0,0.8321400075497015,0.4393492935087905,0.25
sen_only,31337,hybrid,,,1,0.9083743842364532,0.9367088607594937,0.11802232854864433,0.2096317280453258,0.0009152480322167306,5458,5,553,74,0.7698970105109011,0.5481227847795531,0.5
sen_only,31337,hybrid,,,2,0.9080459770114943,0.958904109589041,0.11164274322169059,0.2,0.0005491488193300383,5460,3,557,70,0.7727233314678037,0.5857111416963612,0.5
sen_only,31337,hybrid,,,3,0.9070607553366175,0.9692307692307692,0.10047846889952153,0.18208092485549132,0.0003660992128866922,5461,2,564,63,0.7728628812475167,0.590821621459514,0.5
sen_only,31337,hybrid,,,5,0.9060755336617405,1.0,0.08771929824561403,0.16129032258064516,0.0,5463,0,572,55,0.7741786780198295,0.5923971991946652,0.5
sen_only,31337,hybrid,,,8,0.9055829228243021,0.9814814814814815,0.08452950558213716,0.15565345080763582,0.0001830496064433461,5462,1,574,53,0.773675072643251,0.5811157947463603,0.5
sen_only,31337,hybrid,,,12,0.903448275862069,0.9333333333333333,0.06698564593301436,0.125,0.0005491488193300383,5460,3,585,42,0.7739410346711136,0.5577650199976218,0.5
sen_only,31337,hybrid,,,20,0.9016420361247948,0.868421052631579,0.05263157894736842,0.09924812030075188,0.0009152480322167306,5458,5,594,33,0.7786051503210959,0.5048878264824754,0.5
sen_only,31337,hybrid,,,30,0.8998357963875205,0.7741935483870968,0.03827751196172249,0.0729483282674772,0.0012813472451034228,5456,7,603,24,0.7848314644464823,0.43820233382376844,0.5
sen_only,31337,hybrid,,,40,0.8978653530377668,0.6190476190476191,0.02073365231259968,0.040123456790123455,0.0014643968515467688,5455,8,614,13,0.7978644796471901,0.3970841681649268,0.5
sen_only,31337,hybrid,,,1,0.9013136288998358,0.7954545454545454,0.05582137161084529,0.10432190760059612,0.0016474464579901151,5454,9,592,35,0.6629668458334027,0.3855448693359657,0.75
sen_only,31337,hybrid,,,2,0.900328407224959,0.7941176470588235,0.0430622009569378,0.08169440242057488,0.0012813472451034228,5456,7,600,27,0.6661560546065879,0.400288258189835,0.75
sen_only,31337,hybrid,,,3,0.9001642036124795,0.7878787878787878,0.04146730462519936,0.07878787878787878,0.0012813472451034228,5456,7,601,26,0.6694532830837349,0.40634889918588357,0.75
sen_only,31337,hybrid,,,5,0.9006568144499179,0.8235294117647058,0.044657097288676235,0.08472012102874432,0.0010982976386600767,5457,6,599,28,0.6744175183436434,0.4079017959796566,0.75
sen_only,31337,hybrid,,,8,0.9,0.725,0.046251993620414676,0.08695652173913043,0.002013545670876807,5452,11,598,29,0.676303483985787,0.4065904230560833,0.75
sen_only,31337,hybrid,,,12,0.9008210180623973,0.7555555555555555,0.05422647527910686,0.10119047619047619,0.002013545670876807,5452,11,593,34,0.679730628052834,0.4003301432769035,0.75
sen_only,31337,hybrid,,,20,0.9006568144499179,0.7894736842105263,0.04784688995215311,0.09022556390977443,0.0014643968515467688,5455,8,597,30,0.6923023699231104,0.3735270378004422,0.75
sen_only,31337,hybrid,,,30,0.8993431855500821,0.75,0.03349282296650718,0.06412213740458016,0.0012813472451034228,5456,7,606,21,0.6993213151194595,0.34179692882640444,0.75
sen_only,31337,hybrid,,,40,0.8975369458128079,0.5714285714285714,0.019138755980861243,0.037037037037037035,0.0016474464579901151,5454,9,615,12,0.7090518468303953,0.30840796995867137,0.75
sen_only,31337,hybrid,,,1,0.8978653530377668,0.5609756097560976,0.03668261562998405,0.0688622754491018,0.0032948929159802303,5445,18,604,23,0.5923204997166672,0.31272149399404087,0.9
sen_only,31337,hybrid,,,2,0.8960591133004926,0.4,0.019138755980861243,0.0365296803652968,0.0032948929159802303,5445,18,615,12,0.5918370385551518,0.3146633066687744,0.9
sen_only,31337,hybrid,,,3,0.8955665024630541,0.36363636363636365,0.019138755980861243,0.03636363636363636,0.0038440417353102683,5442,21,615,12,0.5916335527884995,0.31846918899578414,0.9
sen_only,31337,hybrid,,,5,0.8945812807881773,0.2,0.007974481658692184,0.015337423312883436,0.0036609921288669224,5443,20,622,5,0.5910330216235011,0.3183028449359318,0.9
sen_only,31337,hybrid,,,8,0.8947454844006568,0.18181818181818182,0.006379585326953748,0.012326656394453005,0.0032948929159802303,5445,18,623,4,0.5887406683383445,0.31742888050944484,0.9
sen_only,31337,hybrid,,,12,0.8958949096880131,0.37037037037037035,0.01594896331738437,0.03058103975535168,0.003111843309536884,5446,17,617,10,0.5873007948790486,0.31398538802041465,0.9
sen_only,31337,hybrid,,,20,0.8986863711001642,0.6136363636363636,0.0430622009569378,0.08047690014903129,0.003111843309536884,5446,17,600,27,0.5864199963740413,0.30098197289231055,0.9
sen_only,31337,hybrid,,,30,0.8993431855500821,0.7692307692307693,0.03189792663476874,0.06125574272588055,0.0010982976386600767,5457,6,607,20,0.581961702051878,0.27925304402220674,0.9
sen_only,31337,hybrid,,,40,0.8975369458128079,0.5789473684210527,0.017543859649122806,0.034055727554179564,0.0014643968515467688,5455,8,616,11,0.5897437918594599,0.2561857293115274,0.9
sen_only,31337,hybrid,,,1,0.896551724137931,0.46153846153846156,0.028708133971291867,0.05405405405405406,0.0038440417353102683,5442,21,609,18,0.562891261235144,0.27962729218124904,1.0
sen_only,31337,hybrid,,,2,0.8940886699507389,0.25,0.014354066985645933,0.027149321266968326,0.004942339373970345,5436,27,618,9,0.5582653903992671,0.28085369021225987,1.0
sen_only,31337,hybrid,,,3,0.893431855500821,0.15625,0.007974481658692184,0.015174506828528073,0.004942339373970345,5436,27,622,5,0.5597093510906048,0.2850130242986055,1.0
sen_only,31337,hybrid,,,5,0.893431855500821,0.10714285714285714,0.004784688995215311,0.00916030534351145,0.004576240161083653,5438,25,624,3,0.5576447150192057,0.28639308271703406,1.0
sen_only,31337,hybrid,,,8,0.8931034482758621,0.0,0.0,0.0,0.004393190554640307,5439,24,627,0,0.5549859705760165,0.2871220886587573,1.0
sen_only,31337,hybrid,,,12,0.8932676518883416,0.0,0.0,0.0,0.00421014094819696,5440,23,627,0,0.5508742151419685,0.2855338023110294,1.0
sen_only,31337,hybrid,,,20,0.8950738916256158,0.3,0.014354066985645933,0.0273972602739726,0.0038440417353102683,5442,21,618,9,0.540777876163292,0.2710448384270889,1.0
sen_only,31337,hybrid,,,30,0.8986863711001642,0.6923076923076923,0.028708133971291867,0.055130168453292494,0.0014643968515467688,5455,8,609,18,0.5316659762163968,0.2530443408082909,1.0
sen_only,31337,hybrid,,,40,0.8973727422003284,0.5625,0.014354066985645933,0.027993779160186624,0.0012813472451034228,5456,7,618,9,0.542223296580359,0.2345471672543575,1.0
